age	city	ethnicity	first_name	last_name	location	name	sex	state	tiernum	year	years_of_schooling	vowel	stress	pre_word	word	fol_word	F1	F2	F3	B1	B2	B3	t	beg	end	dur	plt_vclass	plt_manner	plt_place	plt_voice	plt_preseg	plt_folseq	style	glide	pre_seg	fol_seg	context	vowel_index	pre_word_trans	word_trans	fol_word_trans	F1@20%	F2@20%	F1@35%	F2@35%	F1@50%	F2@50%	F1@65%	F2@65%	F1@80%	F2@80%		poles	bandwidths
55						./INPUTFILES/DASS/	F		0			AE	1	sp	that	sp	956.0	1580.8	2580.7	131.5	200.6	307.3	1.044	0.968	1.12	0.152	ae	stop	apical	voiceless	oral_apical				DH	T	internal	2	SP	DH AE1 T	SP	858.5488	1757.1908	929.072	1657.8028	956.0192	1580.8401	1013.2713	1531.5505	984.7725	1558.3649	956.019187226,1580.84012242,2580.73135999,3427.18128023,4697.57068903	131.540336082,200.647203906,307.33325712,419.880786104,798.778424941
55						./INPUTFILES/DASS/	F		0			UW	1	sp	tooth	sp	473.6	1149.7	2573.4	177.6	559.6	690.3	5.955	5.887	6.023	0.136	Tuw	fricative	interdental	voiceless	oral_apical				T	TH	internal	2	SP	T UW1 TH	SP	483.2478	1690.547	483.6919	1398.2426	473.6162	1149.6524	458.4837	1173.1522	416.0525	1323.8987	473.616242596,1149.6524052,2573.40163027,3578.41834608,4548.46815156	177.567889081,559.552815314,690.342243276,543.050420505,740.497040287
55						./INPUTFILES/DASS/	F		0			EH	1	sp	better	sp	836.1	1804.2	2715.7	90.4	312.7	280.9	7.653	7.624	7.683	0.059	e	stop	apical	voiceless	oral_labial	one_fol_syll			B	T	internal	2	SP	B EH1 T ER0	SP	784.9972	1787.138	806.1168	1805.1914	836.0611	1804.22	827.5226	1794.5414	806.8613	1759.8573	836.061115624,1804.21998362,2715.65432615,3937.91860813	90.3980512213,312.679845929,280.89674584,560.59119863
55						./INPUTFILES/DASS/	F		0			ER	1	sp	hurt	sp	511.0	1941.2	2518.2	91.9	88.7	195.9	9.139	9.064	9.215	0.151	*hr	stop	apical	voiceless					HH	T	internal	2	SP	HH ER1 T	SP	547.2158	1941.7556	518.3433	1923.5707	511.0039	1941.1676	540.3885	1982.3872	555.8114	1988.807	511.003935687,1941.16757245,2518.24989409,3664.86351663,4636.23632868	91.9264610071,88.7108613799,195.901168722,394.129876505,361.527446118
55						./INPUTFILES/DASS/	F		0			AW	1	sp	house	sp	823.0	1284.1	2391.1	75.8	98.8	260.3	11.131	11.067	11.196	0.129	aw	fricative	apical	voiceless					HH	S	internal	2	SP	HH AW1 S	SP	891.256	1424.9505	888.1969	1368.1784	823.038	1284.0631	766.9135	1125.6537	626.8506	1054.0464	823.03799069,1284.06313947,2391.13058233,3410.32119107,4566.13957327	75.7521837328,98.7701319856,260.283277965,224.693858857,159.620905979
55						./INPUTFILES/DASS/	F		0			AO	1	sp	thought	sp	504.9	874.9	2750.7	196.0	125.5	290.4	14.373	14.292	14.454	0.162	oh	stop	apical	voiceless	oral_apical				TH	T	internal	2	SP	TH AO1 T	SP	526.6052	1134.5776	495.7894	939.8715	504.8784	874.8678	578.0407	1034.3941	669.1094	1286.1735	504.878380274,874.867774591,2750.6729894,3613.38723229,4582.26158036	195.987883152,125.524455915,290.417306072,399.597120729,335.221968834
55						./INPUTFILES/DASS/	F		0			AW	1	sp	town	sp	891.4	1287.5	2692.7	569.9	108.4	966.3	16.217	16.115	16.319	0.204	aw	nasal	apical	voiced	oral_apical				T	N	internal	2	SP	T AW1 N	SP	1032.0248	1491.274	965.0014	1429.5387	891.3538	1287.5002	893.3551	1174.4072	753.1276	1149.0604	891.353830962,1287.50022987,2692.71268194,2973.88258816,4871.59942757	569.860546537,108.377360627,966.303935708,361.853130816,1313.79785913
55						./INPUTFILES/DASS/	F		0			AE	1	sp	hat	sp	1110.2	1575.3	2654.8	240.2	160.6	475.8	18.078	18.019	18.136	0.117	ae	stop	apical	voiceless					HH	T	internal	2	SP	HH AE1 T	SP	998.6221	1550.2683	1087.6054	1576.9972	1110.1828	1575.2789	1042.9138	1532.8828	978.7505	1524.5005	1110.18280811,1575.27891602,2654.80626085,3302.96676603,4789.46334792	240.181799336,160.58988775,475.832032778,823.569927644,1385.82741383
55						./INPUTFILES/DASS/	F		0			UH	1	sp	put	sp	656.9	1348.5	2644.3	78.4	184.1	341.9	19.732	19.685	19.779	0.094	u	stop	apical	voiceless	oral_labial				P	T	internal	2	SP	P UH1 T	SP	611.8106	1095.638	643.0258	1161.4396	656.8579	1348.5155	583.2102	1523.3242	535.6029	1610.4883	656.85793679,1348.51550864,2644.31358471,3607.93847196,4647.51857458	78.4195533329,184.118984307,341.916329966,264.072822036,462.567665765
55						./INPUTFILES/DASS/	F		0			IY	1	sp	heat	sp	460.1	2681.9	3971.7	463.9	222.6	323.7	21.75	21.69	21.81	0.12	iy	stop	apical	voiceless					HH	T	internal	2	SP	HH IY1 T	SP	532.0576	2669.4925	490.6803	2632.3885	460.1422	2681.9143	451.6022	855.645	486.1058	1598.4739	460.142247347,2681.91434516,3971.66866492,4392.58033626	463.896877203,222.617447014,323.660325943,1424.04599612
55						./INPUTFILES/DASS/	F		0			AH	1	sp	hut	sp	850.0	1304.3	2608.2	75.7	249.1	372.4	25.445	25.399	25.491	0.092	uh	stop	apical	voiceless					HH	T	internal	2	SP	HH AH1 T	SP	835.9762	1338.3733	832.4348	1319.0006	849.9631	1304.2511	810.4573	1399.4354	778.0278	1521.3635	849.963058133,1304.25107659,2608.20226782,3409.39595735,4470.96172119	75.6663080977,249.059915688,372.443486852,581.489794474,887.222433348
55						./INPUTFILES/DASS/	F		0			IH	1	sp	hit	sp	630.9	2182.5	2960.4	130.2	127.9	315.5	29.003	28.967	29.04	0.073	i	stop	apical	voiceless					HH	T	internal	2	SP	HH IH1 T	SP	648.2218	2301.2093	641.1068	2226.0463	630.8991	2182.5286	626.0037	2148.6198	565.5802	2070.0279	630.899125106,2182.52862612,2960.35487357,4204.28037331,4302.87179654	130.229937296,127.874284501,315.455142394,577.310523235,4855.87057573
55						./INPUTFILES/DASS/	F		0			AA	1	sp	father	sp	729.1	1200.1	2656.9	72.1	64.8	393.3	30.761	30.677	30.845	0.168	ah	fricative	interdental	voiced	oral_labial	one_fol_syll			F	DH	internal	2	SP	F AA1 DH ER0	SP	674.293	1180.571	735.4953	1152.5981	729.1092	1200.0563	773.5307	1249.9275	767.5925	1403.3204	729.10915387,1200.05625541,2656.94471669,3322.57863583,4638.33846853	72.0601611639,64.8088609637,393.318805216,560.030884,340.10245781
55						./INPUTFILES/DASS/	F		0			EY	1	sp	hate	sp	441.2	2650.9	2835.7	36.6	582.4	378.1	32.939	32.867	33.012	0.145	ey	stop	apical	voiceless					HH	T	internal	2	SP	HH EY1 T	SP	580.4932	2560.6985	481.5819	2652.85	442.5978	2681.3986	486.963	2777.6271	474.6621	2159.3422	441.230007094,2650.9449791,2835.72397794,4101.8490288,4569.95258208	36.5948179642,582.392761358,378.089200906,960.720331179,770.334925783
55						./INPUTFILES/DASS/	F		0			AE	1	sp	dance	sp	921.6	1488.6	3065.7	267.0	174.9	374.1	34.677	34.623	34.732	0.109	ae	nasal	apical	voiced	oral_apical	complex_coda			D	N	internal	2	SP	D AE1 N S	SP	713.1847	1720.334	889.3018	1568.6566	921.6375	1488.5954	964.258	1406.3845	858.5927	1399.459	921.637485427,1488.59539621,3065.70131842,4065.92229516,4218.7859532	266.999628234,174.949883734,374.106700843,1652.19292832,2935.27380598
55						./INPUTFILES/DASS/	F		0			OW	1	sp	host	sp	493.5	966.9	2871.2	141.6	145.8	485.8	36.502	36.438	36.567	0.129	ow	fricative	apical	voiceless		complex_coda			HH	S	internal	2	SP	HH OW1 S T	SP	624.039	1102.2659	529.5879	1021.534	493.4801	966.8973	483.9262	991.101	484.7964	1175.4112	493.480061166,966.897343029,2871.21867182,3985.17070559,4720.92069807	141.622563039,145.783804908,485.849728978,455.706230085,1346.44731947
55						./INPUTFILES/DASS/	F		0			AA	1	sp	heart	sp	795.4	1222.9	2781.8	118.9	74.0	273.6	38.304	38.211	38.397	0.186	o	stop	apical	voiceless					HH	T	internal	2	SP	HH AA1 T	SP	804.342	1242.7391	788.6755	1205.5537	795.4093	1222.9288	850.1536	1329.7452	845.6214	1516.3837	795.409303406,1222.92882062,2781.80802684,3412.52955544,4794.20433157	118.890772726,74.029712569,273.555018681,292.307372526,440.920944778
55						./INPUTFILES/DASS/	F		0			AE	1	sp	after	sp	874.1	1260.6	2590.7	117.1	103.3	494.0	41.971	41.914	42.027	0.113	ae	fricative	labiodental	voiceless		complex_one_syl			SP	F	initial	1	SP	AE1 F T ER0	SP	867.061	1290.4077	964.0902	1308.8785	874.0816	1260.581	864.0539	1251.1858	827.5005	1241.7826	874.081550049,1260.58096622,2590.6548341,3387.40476031,4736.26439409	117.146034799,103.348062089,494.034646421,144.814279284,329.315599416
55						./INPUTFILES/DASS/	F		0			AH	1	been	coming	sp	718.4	1393.9	2676.2	94.8	194.9	474.0	3.397	3.378	3.417	0.039	uh	nasal	labial	voiced	velar	one_fol_syll			K	M	internal	2	B IH0 K	K AH1 M IH0 NG	SP	772.796	1636.8427	750.6301	1471.8157	718.441	1393.8737	679.1895	1334.9744	628.1287	1328.4798	718.440981851,1393.87368908,2676.16426994,3314.45532547,4475.35024335	94.7876668873,194.949249833,474.008169549,346.413584502,413.279486941
55						./INPUTFILES/DASS/	F		0			AE	1	sp	sample	sp	837.4	1327.7	2239.5	111.8	93.1	670.3	3.962	3.908	4.016	0.108	ae	nasal	labial	voiced	oral_apical	complex_one_syl			S	M	internal	2	SP	S AE1 M P AH0 L	SP	800.2805	1509.661	874.796	1465.6479	837.4312	1327.6785	808.5984	1310.8411	774.9561	1341.5237	837.431210958,1327.67850603,2239.5468238,3511.08285453,4840.3520044	111.791058713,93.0782516359,670.333693127,496.851319783,595.55668225
55						./INPUTFILES/DASS/	F		0			AY	1	sp	delights	sp	786.3	1917.4	2651.4	66.3	182.9	420.4	4.595	4.532	4.658	0.126	ay0	stop	apical	voiceless	liquid	complex_coda			L	T	internal	4	SP	D AH0 L AY1 T S	SP	609.9775	1460.0765	811.0477	1639.145	811.3356	1795.3098	727.9894	2035.5035	611.7089	2257.8123	786.309712143,1917.42044634,2651.4207571,3775.87837867,4605.61451139	66.2676695893,182.890118204,420.44695799,544.206689415,711.284352191
55						./INPUTFILES/DASS/	F		0			OW	1	for	over	sp	552.6	917.3	2588.0	381.3	173.3	987.9	5.785	5.738	5.832	0.094	ow	fricative	labiodental	voiced		one_fol_syll			ER0	V	initial	1	F ER0	OW1 V ER0	SP	549.7368	1014.9904	550.9473	1004.4567	552.6438	917.3146	601.0933	867.155	576.5068	1133.7778	552.64377659,917.314563211,2587.99111391,3725.69888884,4433.44838048	381.336382434,173.2592534,987.868473494,651.600571059,337.596073768
55						./INPUTFILES/DASS/	F		0			UW	1	sp	two	hundred	465.1	1652.4	2331.8	85.2	900.9	1375.8	6.117	6.08	6.153	0.073	Tuw				oral_apical				T	HH	final	2	SP	T UW1	HH AH1 N D R AH0 D	486.0244	1602.538	457.3313	1375.4062	465.0852	1652.4319	476.4123	1569.0384	537.5108	1560.9906	465.085221243,1652.43188548,2331.77785391,3795.04815485,4866.26672265	85.2152813521,900.891377847,1375.8377719,331.675884509,893.916835432
55						./INPUTFILES/DASS/	F		0			AH	1	two	hundred	sp	794.9	1476.4	2481.0	125.2	493.1	2142.1	6.236	6.21	6.261	0.051	uh	nasal	apical	voiced		complex_one_syl			HH	N	internal	2	T UW1	HH AH1 N D R AH0 D	SP	721.2968	1410.7473	786.761	1459.1448	794.9034	1476.3575	713.821	1641.7263	707.4579	1711.5663	794.903407644,1476.35753792,2480.96925533,3103.47833809,4718.18100886	125.186949874,493.088592465,2142.07586019,202.176376279,986.107340094
55						./INPUTFILES/DASS/	F		0			AE	1	sp	bath	sp	858.8	1326.6	2707.6	58.8	113.3	384.8	7.959	7.87	8.048	0.178	ae	fricative	interdental	voiceless	oral_labial				B	TH	internal	2	SP	B AE1 TH	SP	670.985	1274.9964	796.9634	1264.8444	858.7547	1326.5817	856.7215	1314.6747	833.2398	1242.4246	858.75465553,1326.58167839,2707.64134651,3479.81940888,4884.70768437	58.8475412255,113.279664444,384.756015501,284.546674837,685.470901448
55						./INPUTFILES/DASS/	F		0			AY	1	the	island	of	854.2	1662.4	2417.0	132.5	224.8	777.5	9.079	8.992	9.165	0.173	ay	lateral	apical	voiced		one_fol_syll			SP	L	initial	1	SP	AY1 L AH0 N D	AH0 V	872.4436	1500.4819	897.3426	1447.7877	975.7788	1586.2413	808.4607	1782.7205	782.8609	1765.4376	854.236518037,1662.36609834,2416.96169981,3084.55147452,4654.61364832	132.455934401,224.786193107,777.510128145,430.228998376,1318.21948383
55						./INPUTFILES/DASS/	F		0			ER	1	sp	first	opened	526.1	1774.2	2766.1	72.6	247.8	363.6	10.136	10.093	10.178	0.085	*hr	fricative	apical	voiceless	oral_labial	complex_coda			F	S	internal	2	SP	F ER1 S T	OW1 P AH0 N D	524.7917	1647.1516	509.9894	1737.509	526.0913	1774.1631	511.2755	1790.3152	495.0809	1866.3776	526.091268046,1774.16307788,2766.0909522,3711.77475438,4471.61705285	72.6258216756,247.816754305,363.636792256,390.827584528,283.651015509
55						./INPUTFILES/DASS/	F		0			OW	1	first	opened	sp	502.0	952.9	2815.8	291.5	172.3	557.0	10.37	10.333	10.406	0.073	ow	stop	labial	voiceless		one_fol_syll			T	P	initial	1	F ER1 S T	OW1 P AH0 N D	SP	524.9646	1251.6422	499.6373	1044.7998	502.0455	952.8782	321.4523	746.7186	618.8457	2108.191	502.045524302,952.87820197,2815.83567303,3984.38575991,4769.74659674	291.471939473,172.337689808,556.950625078,512.817303499,1706.4292586
55						./INPUTFILES/DASS/	F		0			EH	1	sp	seventeen	sp	817.0	1716.7	2574.8	82.8	334.1	368.5	10.928	10.896	10.961	0.065	e	fricative	labiodental	voiced	oral_apical	two_fol_syl			S	V	internal	2	SP	S EH1 V AH0 N T IY1 N	SP	762.7367	1709.7909	784.5294	1696.9212	817.0339	1716.67	802.8353	1647.2041	776.3779	1500.6261	817.033942157,1716.669969,2574.82815305,3693.12673058	82.7530466861,334.124893872,368.541870537,394.535738064
55						./INPUTFILES/DASS/	F		0			IY	1	sp	seventeen	sp	680.8	2489.6	2978.5	167.4	182.3	345.6	11.239	11.225	11.254	0.029	iy	nasal	apical	voiced	oral_apical				T	N	internal	7	SP	S EH1 V AH0 N T IY1 N	SP	575.6141	2412.6254	577.7059	2438.1108	680.782	2489.6467	696.1287	2501.2223	669.7778	2460.2277	680.781976559,2489.64668892,2978.47607801,4301.11555794	167.356447734,182.262569984,345.561943666,300.437770701
55						./INPUTFILES/DASS/	F		0			EH	1	sp	seventy	eight	761.9	1775.6	2759.8	67.3	172.3	313.3	11.517	11.493	11.54	0.047	e	fricative	labiodental	voiced	oral_apical	two_fol_syl			S	V	internal	2	SP	S EH1 V AH0 N T IY0	EY1 T	720.5451	1765.2253	720.9551	1753.0241	758.1723	1778.9836	749.8448	1609.396	734.2015	1582.0885	761.946219348,1775.55511051,2759.75488854,3701.55577185	67.2959309363,172.266909427,313.304255823,426.419676635
55						./INPUTFILES/DASS/	F		0			EY	1	seventy	eight	sp	402.5	2478.9	2932.3	57.6	485.5	191.1	11.874	11.825	11.924	0.099	ey	stop	apical	voiceless					IY0	T	initial	1	S EH1 V AH0 N T IY0	EY1 T	SP	472.4035	2689.2394	407.8415	2539.7668	402.5064	2478.9467	399.0882	2519.168	419.7708	2614.6681	402.506374774,2478.94668275,2932.26446038,3931.82694356,4557.89373381	57.647294305,485.466391414,191.074419839,581.949582305,704.962885838
55						./INPUTFILES/DASS/	F		0			IY	1	sp	being	sp	484.8	2410.7	2691.6	146.3	185.6	2489.3	14.139	14.109	14.168	0.059	iy				oral_labial	one_fol_syll			B	IH0	internal	2	SP	B IY1 IH0 NG	SP	466.3779	1993.9493	434.8628	2130.1438	484.8027	2410.7431	486.0493	2486.8451	595.8606	2533.4421	484.802718632,2410.7430735,2691.61961914,3142.35942895,4346.92976311	146.289360941,185.57149957,2489.26007981,591.741599815,393.709869813
55						./INPUTFILES/DASS/	F		0			EY	1	sp	main	sp	630.4	2445.2	3121.4	83.9	282.8	722.8	14.813	14.765	14.86	0.095	ey	nasal	apical	voiced	nasal_labial				M	N	internal	2	SP	M EY1 N	SP	628.791	2032.6993	620.4701	2332.8125	630.4378	2445.1708	618.0658	2396.76	622.2381	2214.9257	630.43781162,2445.17080915,3121.38982093,3876.28730279,4191.51603574	83.8622440517,282.789578656,722.779469656,2710.45580315,584.450975012
55						./INPUTFILES/DASS/	F		0			IH	1	sp	visitors	sp	609.4	1840.5	2897.9	118.0	144.4	193.8	16.093	16.069	16.116	0.047	i	fricative	apical	voiced	oral_labial	two_fol_syl			V	Z	internal	2	SP	V IH1 Z AH0 T ER0 Z	SP	561.2288	1759.4191	601.2278	1783.3634	609.417	1840.4673	594.8314	1749.3567	582.2949	1729.0223	609.417044884,1840.46726915,2897.85568058,4089.96019031	118.043609428,144.425179054,193.804894623,449.301682337
55						./INPUTFILES/DASS/	F		0			EY	1	sp	late	sp	524.9	2429.3	3105.0	139.8	209.4	507.8	17.286	17.232	17.34	0.108	ey	stop	apical	voiceless	liquid				L	T	internal	2	SP	L EY1 T	SP	579.2611	2162.3255	523.5027	2392.4647	524.891	2429.3419	483.9467	2408.1046	485.4054	2346.6338	524.891023029,2429.3419236,3104.95837803,4312.94478012	139.827893824,209.399512478,507.757502458,268.180548058
55						./INPUTFILES/DASS/	F		0			AY	1	sp	nine	sp	863.0	1977.6	3095.0	231.7	160.0	455.8	17.512	17.467	17.557	0.09	ay	nasal	apical	voiced	nasal_apical				N	N	internal	2	SP	N AY1 N	SP	510.1908	1666.8392	805.7313	1791.646	893.5343	1924.7216	787.6071	2082.6229	677.7422	2301.8426	862.957671678,1977.57327338,3094.95165942,3806.61770839	231.729152359,159.950566625,455.777638849,383.09544028
55						./INPUTFILES/DASS/	F		0			IY	1	sp	teenth	century	503.7	2339.7	2927.9	77.8	233.5	244.6	17.747	17.721	17.773	0.052	iy	nasal	apical	voiced	oral_apical	complex_coda			T	N	internal	2	SP	T IY1 N TH	S EH1 N CH ER0 IY0	561.7581	1900.5241	542.8247	2416.9175	503.7174	2339.674	513.6037	2213.6326	512.9985	2039.4067	503.717443439,2339.67397991,2927.8677206,4314.09685848	77.802199619,233.491108071,244.570747383,331.274790199
55						./INPUTFILES/DASS/	F		0			EH	1	teenth	century	sp	840.8	1832.5	2822.2	129.2	127.5	314.6	17.994	17.955	18.034	0.079	e	nasal	apical	voiced	oral_apical	complex_two_syl			S	N	internal	2	T IY1 N TH	S EH1 N CH ER0 IY0	SP	699.2054	1812.008	779.6821	1745.9272	840.8452	1832.4929	821.8282	1812.9096	725.6967	1820.5428	840.845207883,1832.49290987,2822.22945429,3941.53657722,5332.211491	129.170332088,127.499589465,314.576390868,372.894320246,3096.440284
55						./INPUTFILES/DASS/	F		0			EY	1	sp	destination	sp	665.9	2404.5	3165.3	119.3	300.2	339.0	20.106	20.055	20.157	0.102	ey	fricative	palatal	voiceless	nasal_apical	one_fol_syll			N	SH	internal	7	SP	D EH2 S T AH0 N EY1 SH AH0 N	SP	686.6855	2226.8149	700.9575	2367.8713	665.8856	2404.4801	652.0204	2484.2455	577.5416	2474.8587	665.885558168,2404.48009311,3165.32945115,4212.04397155	119.273080779,300.20629583,338.976070307,510.871404803
55						./INPUTFILES/DASS/	F		0			OW	1	sp	those	sp	498.3	1324.8	2729.9	94.1	191.4	360.3	21.843	21.773	21.914	0.141	ow	fricative	apical	voiced	oral_apical				DH	Z	internal	2	D SP	DH OW1 Z	SP	503.2303	1548.1034	489.5562	1392.6651	498.3349	1324.765	506.3442	1589.4667	482.9734	1815.9352	498.334850123,1324.76496181,2729.94316946,3645.80437673,4531.39119429	94.0667065865,191.442973307,360.273377399,491.774569782,668.699170381
55						./INPUTFILES/DASS/	F		0			AY	1	sp	time	sp	961.8	1862.4	2647.9	196.4	110.5	608.8	22.395	22.331	22.46	0.129	ay	nasal	labial	voiced	oral_apical				T	M	internal	2	SP	T AY1 M	SP	911.7192	1895.1534	937.9983	1563.0451	1038.8572	1804.8478	838.7444	1992.4025	766.1137	2152.1615	961.754885733,1862.41910518,2647.91753209,3288.12431268,4664.94557242	196.449157325,110.508339906,608.792215263,383.235749775,735.630133819
55						./INPUTFILES/DASS/	F		0			EY	1	sp	make	sp	600.0	2480.1	2796.9	65.9	306.7	714.1	22.782	22.751	22.813	0.062	ey	stop	velar	voiceless	nasal_labial				M	K	internal	2	SP	M EY1 K	SP	626.6068	1877.0915	604.6425	2143.862	600.0497	2480.1235	570.8129	2441.9937	554.3678	2461.4793	600.049714946,2480.12353839,2796.87561797,3807.17743819	65.8760550488,306.651165242,714.051230824,1052.83649515
55						./INPUTFILES/DASS/	F		0			ER	1	sp	journey	sp	582.7	2113.7	2639.9	48.8	350.2	636.5	23.139	23.075	23.203	0.128	*hr	nasal	apical	voiced	palatal	one_fol_syll			JH	N	internal	2	SP	JH ER1 N IY0	SP	497.2924	2186.5728	545.0466	2217.5515	582.7045	2113.7378	622.1485	2140.4691	573.0702	2094.0311	582.704531012,2113.73777006,2639.86995262,3422.94332959,4453.99694725	48.756357567,350.236506153,636.45644287,445.890910783,283.869941673
55						./INPUTFILES/DASS/	F		0			EH	1	sp	however	sp	736.2	1344.3	2554.3	70.3	329.7	302.4	24.511	24.469	24.552	0.083	e	fricative	labiodental	voiced		one_fol_syll			AW2	V	internal	3	SP	HH AW2 EH1 V ER0	SP	562.6159	1115.2449	649.8146	1268.4511	736.198	1344.3359	752.3413	1340.2538	684.6155	1202.5069	736.197968177,1344.33587457,2554.29780238,3591.19226179,4984.23762462	70.3475266909,329.691267863,302.440060231,198.949832186,917.115800719
55						./INPUTFILES/DASS/	F		0			AE	1	sp	advent	sp	952.0	1501.1	2366.7	148.6	389.2	391.2	25.593	25.535	25.652	0.117	ae	stop	apical	voiced		complex_one_syl			SP	D	initial	1	SP	AE1 D V EH2 N T	SP	855.8922	1834.4883	940.1246	1661.8233	950.7862	1503.155	859.7771	1551.4447	701.9408	1516.5051	951.959467244,1501.08186865,2366.66129605,3337.02881532,4656.27650154	148.615290966,389.190851957,391.207750198,531.53940106,1652.57906733
55						./INPUTFILES/DASS/	F		0			AE	1	regular	international	sp	888.2	1496.6	2575.4	165.6	190.5	450.0	26.881	26.842	26.921	0.079	ae	fricative	palatal	voiceless	nasal_apical	two_fol_syl			N	SH	internal	6	R EH0 G Y AH0 L ER0	IH2 N T ER0 N AE1 SH AH0 N AH0 L	SP	860.9998	1656.764	885.9845	1595.6752	888.207	1496.6481	869.1582	1476.1346	844.3254	1533.167	888.206990384,1496.64811894,2575.42076291,3324.89639099	165.557073554,190.456810233,449.980661437,408.85555561
55						./INPUTFILES/DASS/	F		0			AY	1	sp	flights	sp	701.5	2061.2	2675.9	63.0	102.0	297.9	27.414	27.359	27.469	0.11	ay0	stop	apical	voiceless	obstruent_liquid	complex_coda			L	T	internal	3	SP	F L AY1 T S	SP	668.4473	1370.9615	819.324	1610.8314	767.9645	1936.2959	590.5447	2205.6852	554.2283	2319.4495	701.483390198,2061.23830483,2675.8955641,3647.25123512,4771.72354259	63.0173650648,101.986271074,297.85594484,467.071777904,1652.45188667
55						./INPUTFILES/DASS/	F		0			AY	1	sp	nineteen	sp	755.8	2089.3	2990.5	107.8	149.3	445.5	27.922	27.867	27.976	0.109	ay	nasal	apical	voiced	nasal_apical	complex_one_syl			N	N	internal	2	SP	N AY1 N T IY1 N	SP	651.4443	1556.1149	828.9883	1870.3726	786.9534	1975.2652	735.8323	2251.1317	733.0824	2337.168	755.848523022,2089.34283092,2990.49597651,3831.71394346,4545.73482945	107.811481486,149.290511016,445.510222627,703.257321771,1530.04038021
55						./INPUTFILES/DASS/	F		0			IY	1	sp	nineteen	sp	653.5	2413.3	2973.1	191.7	108.7	133.7	28.114	28.09	28.138	0.048	iy	nasal	apical	voiced	oral_apical				T	N	internal	5	SP	N AY1 N T IY1 N	SP	593.7096	2398.1291	585.8803	2409.0199	653.4989	2413.2974	683.4027	2378.3917	651.6001	2322.5136	653.498852602,2413.29739104,2973.06458856,4280.44098289	191.739477288,108.682815312,133.674808206,238.699919149
55						./INPUTFILES/DASS/	F		0			IH	1	sp	sixties	sp	538.7	2089.7	2749.9	48.2	202.8	573.4	28.331	28.314	28.347	0.033	i	stop	velar	voiceless	oral_apical	complex_one_syl			S	K	internal	2	SP	S IH1 K S T IY0 Z	SP	581.9075	1992.1131	584.2334	2015.8838	538.7015	2089.6888	527.7159	2164.0847	516.6636	2162.1981	538.701456837,2089.68880245,2749.92883918,4063.60620094	48.1735517306,202.77707754,573.434793298,335.439679495
55						./INPUTFILES/DASS/	F		0			AA	1	the	market	sp	843.8	1254.7	2749.2	126.7	98.9	827.5	29.094	29.048	29.14	0.092	o	stop	velar	voiceless	nasal_labial	one_fol_syll			M	K	internal	2	SP	M AA1 K AH0 T	SP	773.9472	1214.3968	842.0998	1224.5617	843.7871	1254.6513	829.4931	1250.8991	845.6887	1298.8274	843.787147144,1254.65132976,2749.2167392,3242.54190813,4643.06196601	126.701165441,98.926100499,827.513483192,247.918487452,894.202114673
55						./INPUTFILES/DASS/	F		0			AA	1	sp	started	sp	773.5	1410.8	2647.9	54.8	231.0	420.9	29.584	29.53	29.639	0.109	o	stop	apical	voiceless	oral_apical	one_fol_syll			T	T	internal	3	SP	S T AA1 T AH0 D	SP	674.1355	1563.8983	746.1574	1423.8225	773.4583	1410.826	770.9078	1500.2975	721.7515	1674.2566	773.458347464,1410.82597434,2647.87435995,3226.58347727,4438.55969921	54.8084130458,231.045018353,420.939822309,608.445167472,550.087521971
55						./INPUTFILES/DASS/	F		0			OW	1	to	open	sp	540.3	828.3	2696.6	480.9	293.2	1255.4	30.001	29.959	30.042	0.083	ow	stop	labial	voiceless		one_fol_syll			AH0	P	initial	1	T AH0	OW1 P AH0 N	SP	584.104	1134.348	766.9577	805.8989	547.3293	838.4173	457.8717	809.9427	754.471	1881.2126	540.348542272,828.291993372,2696.623768,3761.32435621,4430.15578154	480.864733558,293.233252806,1255.42969956,600.011507902,978.854588562
55						./INPUTFILES/DASS/	F		0			AE	1	sp	man	sp	951.4	1502.9	2716.0	390.3	171.8	455.6	31.166	31.125	31.206	0.081	ae	nasal	apical	voiced	nasal_labial				M	N	internal	2	SP	M AE1 N	SP	630.8633	1456.2384	983.1046	1467.5037	951.3659	1502.9306	971.3909	1596.8204	893.6841	1639.5607	951.365901077,1502.93056918,2715.96918266,3236.56097388,4705.03254729	390.338178287,171.796562173,455.594197177,296.795564249,598.054042905
55						./INPUTFILES/DASS/	F		0			EY	1	sp	today	the	502.8	2542.0	2864.1	32.0	421.6	625.6	32.712	32.547	32.877	0.33	eyF				oral_apical				D	DH	final	4	SP	T AH0 D EY1	DH AH0	530.5134	2360.3852	492.6598	2493.4954	502.8327	2542.0358	540.3609	2524.9633	551.698	2271.1162	502.832683673,2542.03578363,2864.09918352,3988.49903945,4396.2155339	31.9842188382,421.581903786,625.641437601,1336.55763104,986.619641369
55						./INPUTFILES/DASS/	F		0			IH	1	sp	visit	sp	565.9	1781.7	3122.6	165.0	166.8	482.4	36.803	36.783	36.824	0.041	i	fricative	apical	voiced		one_fol_syll			V	Z	initial	1	SP V	IH1 Z AH0 T	SP	532.0767	1725.7096	540.9031	1744.2388	565.8749	1781.7082	577.8267	1767.5551	587.9373	1798.0639	565.874940007,1781.70820957,3122.56509594,4360.55452515	164.994515382,166.818550037,482.407308781,297.213300848
55						./INPUTFILES/DASS/	F		0			IY	1	caribbean	each	sp	584.0	2596.0	3333.9	192.5	205.4	360.2	37.567	37.524	37.61	0.086	iy	affricate	palatal	voiceless					N	CH	initial	1	K ER0 IH0 B IY0 AH0 N	IY1 CH	SP	648.0456	2313.8815	633.3202	2518.2395	584.0388	2596.0212	542.0706	2609.1619	511.1149	2653.7662	584.038803747,2596.02123312,3333.88120022,4242.00266216	192.482068192,205.356432743,360.194518133,211.518714372
55						./INPUTFILES/DASS/	F		0			AH	1	sp	come	sp	817.8	1328.6	2681.6	123.7	82.8	523.2	38.749	38.719	38.779	0.06	uh	nasal	labial	voiced	velar				K	M	internal	2	SP	K AH1 M	SP	726.736	1418.2597	772.9502	1353.3314	817.8357	1328.5577	758.9493	1272.7424	714.042	1252.5323	817.835660238,1328.55773346,2681.56701661,3465.37405563,4626.2005792	123.660340834,82.771019188,523.229800758,303.112473706,886.496585758
55						./INPUTFILES/DASS/	F		0			OW	1	sp	both	sp	480.1	1061.4	2819.6	104.5	41.2	455.7	38.956	38.912	39.0	0.088	ow	fricative	interdental	voiceless	oral_labial				B	TH	internal	2	SP	B OW1 TH	SP	518.8499	1118.0618	499.3723	1055.4238	480.056	1061.3526	500.1919	1151.5769	502.9325	1259.6927	480.056029987,1061.35262226,2819.60924278,3879.65708593,4484.36433472	104.528886227,41.1902166885,455.69384804,699.505456761,311.39998899
55						./INPUTFILES/DASS/	F		0			IY	1	sp	sea	sp	438.2	2560.5	3058.0	159.4	1109.4	564.1	40.128	40.073	40.183	0.11	iyF				oral_apical				S	SP	final	2	SP	S IY1	SP	477.021	2092.1636	473.3661	2580.3442	438.2462	2560.5175	447.6898	2681.1763	486.9153	2875.9341	438.246159022,2560.51745525,3058.04489157,3402.40221742,4292.00465607	159.426071186,1109.39289666,564.080496238,2319.15936395,251.355049116
55						./INPUTFILES/DASS/	F		0			AH	1	sp	some	sp	786.8	1587.4	2860.2	192.3	261.2	437.4	40.648	40.625	40.672	0.047	uh	nasal	labial	voiced	oral_apical				S	M	internal	2	SP	S AH1 M	SP	696.0445	1640.5626	721.9597	1668.6083	786.7694	1587.4174	776.3776	1440.8391	720.9067	1389.3264	786.769431077,1587.4173515,2860.18486456,3761.81904623	192.316394238,261.200611514,437.401755057,520.157100848
55						./INPUTFILES/DASS/	F		0			EY	1	sp	staying	sp	646.3	2436.7	3060.7	76.1	88.6	367.7	40.975	40.915	41.035	0.12	ey				oral_apical	one_fol_syll			T	AH0	internal	3	SP	S T EY1 AH0 N	SP	499.4787	2173.357	581.0363	2293.255	646.2938	2436.7215	642.1737	2485.4185	637.1878	2656.6435	646.293771868,2436.72152683,3060.74593552,4087.0148299	76.0986103228,88.6247247933,367.721848894,992.655025567
55						./INPUTFILES/DASS/	F		0			AW	1	sp	hours	sp	814.9	1294.6	2485.5	59.0	69.2	311.6	41.883	41.808	41.957	0.149	aw					one_fol_syll			SP	ER0	initial	1	SP	AW1 ER0 Z	SP	868.9465	1352.9999	837.3704	1331.2551	814.9161	1294.5773	740.6197	1084.8105	628.3495	1070.2207	814.916100783,1294.57727685,2485.53285616,3310.70800774,4736.49817994	58.9976701363,69.220005918,311.62000913,231.452594693,473.627240972
55						./INPUTFILES/DASS/	F		0			AY	1	from	island	sp	900.6	1766.9	2383.1	119.5	285.8	720.0	42.93	42.875	42.985	0.11	ay	lateral	apical	voiced		one_fol_syll			M	L	initial	1	F ER0 M	AY1 L AH0 N D	SP	889.2641	1371.9806	950.4672	1507.023	926.2053	1678.3603	852.1594	1729.8343	769.4781	1821.2073	900.623903105,1766.94422855,2383.1321986,3398.89958972,4581.39694119	119.523937931,285.830277332,719.963168295,329.094566925,558.951415217
55						./INPUTFILES/DASS/	F		0			AY	1	to	island	sp	1004.3	1646.5	2454.7	195.7	269.3	597.8	43.361	43.302	43.42	0.118	ay	lateral	apical	voiced		one_fol_syll			SP	L	initial	1	SP	AY1 L AH0 N D	SP	876.7583	1566.0564	925.0593	1618.0087	977.7853	1520.4735	929.8652	1723.4226	786.7237	2013.192	1004.287265,1646.50041914,2454.69605042,3279.73343653,4535.75146789	195.691575472,269.320160646,597.775189393,444.509699647,1270.05955465
55						./INPUTFILES/DASS/	F		0			AW	1	sp	found	in	921.0	1207.2	2574.3	355.7	226.4	574.7	45.497	45.425	45.569	0.144	aw	nasal	apical	voiced	oral_labial	complex_coda			F	N	internal	2	SP	F AW1 N D	SP	901.8226	1349.2659	887.8347	1298.3163	921.034	1207.2446	748.2527	1144.4752	734.6523	1344.6382	921.033974835,1207.24456974,2574.26190058,3212.30982544,4978.76823943	355.65479866,226.376064586,574.660261596,466.522104048,1038.66555366
55						./INPUTFILES/DASS/	F		0			AY	1	the	islands	sp	974.4	1777.9	2500.6	264.7	343.9	731.6	45.92	45.864	45.977	0.113	ay	lateral	apical	voiced		one_fol_syll			AH0	L	initial	1	DH AH0	AY1 L AH0 N D Z	SP	880.971	1859.1295	972.5079	1721.153	1008.5433	1756.0198	887.2976	1804.4985	739.7448	1767.0748	974.388739661,1777.92628275,2500.63694441,3312.65958088,4678.8666364	264.695276474,343.869534185,731.598963056,339.165497456,682.598948709
55						./INPUTFILES/DASS/	F		0			EY	1	sp	remain	sp	641.2	2539.2	3184.7	86.8	313.9	505.7	46.468	46.425	46.51	0.085	ey	nasal	apical	voiced	nasal_labial				M	N	internal	4	SP	R AH0 M EY1 N	SP	634.2267	2392.0314	616.1854	2526.3265	641.1805	2539.224	642.4686	2518.1938	640.2981	2323.6993	641.180548122,2539.22401079,3184.73325136,4089.68883089	86.7712054382,313.862487314,505.748122394,539.005676766
55						./INPUTFILES/DASS/	F		0			IY	1	sp	seas	sp	477.5	2840.5	2873.7	180.1	345.6	1391.0	48.51	48.39	48.63	0.24	iy	fricative	apical	voiced	oral_apical				S	Z	internal	2	SP	S IY1 Z	SP	503.9942	2592.9423	473.3384	2650.2488	477.5127	2840.4935	482.6481	2541.1362	479.5572	2267.5969	477.512657012,2840.49353349,2873.65443796,4282.30670335	180.084955398,345.639886219,1390.95011672,501.693984351
55						./INPUTFILES/DASS/	F		0			AE	1	sp	dazzling	sp	919.0	1460.2	2575.6	141.3	353.4	553.2	48.898	48.822	48.973	0.151	ae	fricative	apical	voiced	oral_apical	one_fol_syll			D	Z	internal	2	SP	D AE1 Z L IH0 NG	SP	756.0967	1839.2053	913.7635	1551.4204	918.9957	1460.1744	854.7617	1518.8254	642.734	1479.5975	918.995689733,1460.17438125,2575.57737563,3590.11623087,4660.18646602	141.281528659,353.391580173,553.151257702,1543.37422762,1782.07529709
55						./INPUTFILES/DASS/	F		0			AE	1	sp	sand	beaches	926.8	1568.0	2953.5	547.6	261.9	558.0	51.3	51.246	51.353	0.107	ae	nasal	apical	voiced	oral_apical	complex_coda			S	N	internal	2	SP	S AE1 N D	B IY1 CH AH0 Z	754.9921	1679.4117	852.0343	1632.8135	926.8451	1568.0478	910.903	1578.7123	811.5225	1634.0321	926.845102713,1568.04782677,2953.5392606,3549.49011127	547.628460577,261.926363575,557.954935909,534.325497217
55						./INPUTFILES/DASS/	F		0			IY	1	sand	beaches	sp	434.5	2337.4	2668.2	84.3	1549.7	363.2	51.529	51.484	51.573	0.089	iy	affricate	palatal	voiceless	oral_labial	one_fol_syll			B	CH	internal	2	S AE1 N D	B IY1 CH AH0 Z	SP	439.7739	2028.4462	429.6251	2561.7931	434.5174	2337.4458	438.4222	2223.3733	729.8417	2542.8113	434.517409591,2337.44584936,2668.23511037,3541.60495467,4352.30286508	84.3445738903,1549.67021363,363.171820915,767.038430672,415.980342736
55						./INPUTFILES/DASS/	F		0			ER	1	sp	birds	sp	533.1	2027.7	2680.7	68.6	131.9	425.6	52.603	52.51	52.697	0.187	*hr	stop	apical	voiced	oral_labial	complex_coda			B	D	internal	2	SP	B ER1 D Z	SP	465.3889	1908.4059	509.4909	1961.5043	533.7025	2027.9707	527.9731	2034.0799	499.3508	1900.0525	533.100921765,2027.6745484,2680.69661963,3605.01073903,4447.76846974	68.619643488,131.901745166,425.649270413,647.11680868,550.434019989
55						./INPUTFILES/DASS/	F		0			AH	1	sp	sunny	sp	852.4	1613.4	2887.0	103.7	277.2	332.8	53.184	53.154	53.214	0.06	uh	nasal	apical	voiced	oral_apical	one_fol_syll			S	N	internal	2	SP	S AH1 N IY0	SP	736.8657	1516.7455	796.7933	1565.1551	852.3824	1613.4208	859.5779	1766.4724	730.6919	1739.4322	852.382374665,1613.42079287,2887.02772535,3683.80671259	103.693935965,277.19960873,332.837547536,425.667115059
55						./INPUTFILES/DASS/	F		0			AH	1	sp	stunning	sp	866.6	1615.8	2789.3	120.7	365.7	492.3	54.089	54.056	54.122	0.066	uh	nasal	apical	voiced	oral_apical	one_fol_syll			T	N	internal	3	SP	S T AH1 N IH0 NG	SP	745.9033	1693.5111	824.9961	1581.4409	866.5766	1615.8205	816.4835	1639.2234	697.4328	1731.1359	866.576595357,1615.82048132,2789.27108124,3542.72933689,4652.22988641	120.739320849,365.726801619,492.278873213,375.435246536,1281.75410424
55						./INPUTFILES/DASS/	F		0			AH	1	sp	sunsets	sp	743.6	1459.5	2781.9	88.5	234.8	284.2	54.49	54.454	54.526	0.072	uh	nasal	apical	voiced	oral_apical	complex_one_syl			S	N	internal	2	SP	S AH1 N S EH2 T S	SP	742.1085	1507.9646	784.006	1461.01	743.5991	1459.465	708.1471	1564.9962	665.1496	1617.0022	743.599134528,1459.46496268,2781.8854285,3783.4917393,5058.27506809	88.5309856879,234.830659495,284.227661131,398.296304523,2298.72788269
55						./INPUTFILES/DASS/	F		0			AY	1	sp	lively	sp	814.4	1906.7	2722.9	111.6	191.4	602.0	55.749	55.695	55.804	0.109	ay	fricative	labiodental	voiced	liquid	one_fol_syll			L	V	internal	2	SP	L AY1 V L IY0	SP	615.0244	1437.9484	902.9586	1554.2527	889.082	1791.7085	720.9226	2052.5921	582.7704	2378.1079	814.392761855,1906.66506393,2722.91031441,3539.09647015,4682.4944391	111.630097173,191.369292923,601.953716416,722.522338037,1251.36969052
55						./INPUTFILES/DASS/	F		0			AE	1	sp	dance	sp	1030.1	1557.2	2401.7	350.3	245.5	655.2	56.678	56.613	56.744	0.131	ae	nasal	apical	voiced	oral_apical	complex_coda			D	N	internal	2	SP	D AE1 N S	SP	814.2946	1837.5317	901.7242	1655.5604	1030.0721	1557.214	943.7862	1549.5981	864.8419	1601.2162	1030.07210098,1557.2140279,2401.74406841,3235.85385349,4647.46367301	350.273710461,245.521108877,655.152150118,664.186663995,973.859939296
55						./INPUTFILES/DASS/	F		0			AO	1	sp	course	sp	652.9	1121.1	2841.2	125.5	165.4	331.7	57.563	57.512	57.614	0.102	oh	fricative	apical	voiceless	velar				K	S	internal	2	SP	K AO1 S	SP	642.9312	1023.3818	595.2401	933.0492	652.9442	1121.1039	652.7698	1313.769	627.1022	1589.6883	652.944209991,1121.10391982,2841.2271941,3561.83431193,4493.051795	125.488966385,165.413688266,331.67501667,457.628711347,431.162140735
55						./INPUTFILES/DASS/	F		0			IY	1	sp	people	sp	423.1	2168.7	2734.4	341.0	1157.2	197.8	58.728	58.696	58.761	0.065	iy	stop	labial	voiceless	oral_labial	one_fol_syll			P	P	internal	2	SP	P IY1 P AH0 L	SP	465.0831	1790.6768	509.7808	1708.9695	411.9626	2245.0248	469.0791	2339.5439	530.5634	1672.9172	423.121888979,2168.66908915,2734.35177699,3915.41468947	340.977590686,1157.24359331,197.808244314,683.881190875
55						./INPUTFILES/DASS/	F		0			EY	1	sp	favoured	islands	502.5	2164.3	2698.2	38.4	250.8	274.4	61.469	61.42	61.517	0.097	ey	fricative	labiodental	voiced	oral_labial	one_fol_syll			F	V	internal	2	SP	F EY1 V ER0 D	AY1 L AH0 N D Z	548.1424	2013.9513	516.7002	2070.3415	502.456	2164.3414	501.6754	2109.9515	493.6002	1684.0241	502.45603897,2164.34144492,2698.23801066,3673.10472515,4624.97329165	38.4169247272,250.769853284,274.416585569,407.909852282,687.46230074
55						./INPUTFILES/DASS/	F		0			AY	1	favoured	islands	sp	982.7	1640.7	2628.6	194.4	164.1	507.5	61.719	61.634	61.805	0.171	ay	lateral	apical	voiced		one_fol_syll			D	L	initial	1	F EY1 V ER0 D	AY1 L AH0 N D Z	SP	668.7821	1624.7867	874.2129	1513.9735	999.9644	1582.8843	928.3054	1788.6403	729.7634	1824.638	982.736180194,1640.73283015,2628.57296536,3248.78066867,4745.65379659	194.393409611,164.06073564,507.480526199,341.715861286,876.387357207
55						./INPUTFILES/DASS/	F		0			AO	1	sp	according	sp	624.0	1277.9	2770.3	55.3	58.2	226.2	62.273	62.238	62.308	0.07	oh	stop	apical	voiced	velar	one_fol_syll			K	D	internal	3	SP	AH0 K AO1 D AH0 N	SP	604.6323	1133.56	592.5388	1104.1386	623.9968	1277.9311	629.9249	1457.1124	593.6855	1596.1047	623.996766348,1277.93105872,2770.31645329,3501.47702876,4687.11192752	55.3244414814,58.2181942858,226.193636882,250.401419075,251.217030088
55						./INPUTFILES/DASS/	F		0			IH	1	the	english	sp	669.3	2372.9	2864.4	64.8	184.1	406.1	64.213	64.177	64.248	0.071	i	nasal	velar	voiced		complex_one_syl			SP	NG	initial	1	SP	IH1 NG G L IH2 SH	SP	645.0357	2314.6994	653.7747	2279.0391	669.324	2372.9149	692.2144	2444.8821	779.6168	2535.1545	669.323994998,2372.91493526,2864.41855342,4071.76891532,4750.49792308	64.7906883829,184.130368536,406.123286884,610.961687158,2427.05957513
55						./INPUTFILES/DASS/	F		0			IH	1	sp	visiting	sp	542.1	1749.7	2699.6	83.0	226.3	650.2	64.638	64.608	64.668	0.06	i	fricative	apical	voiced	oral_labial	two_fol_syl			V	Z	internal	2	SP	V IH1 Z AH0 T IH0 NG	SP	496.0239	1630.0334	514.4021	1684.189	542.109	1749.72	539.1125	1767.969	564.4296	1884.5984	542.108974692,1749.72000436,2699.63020181,3524.81573827,4483.91065405	82.9980842007,226.288046663,650.233284749,430.722798942,334.09274773
55						./INPUTFILES/DASS/	F		0			EY	1	sp	barbados	sp	532.4	2363.8	3041.8	135.5	215.2	568.2	65.723	65.673	65.773	0.1	ey	stop	apical	voiced	oral_labial	one_fol_syll			B	D	internal	5	SP	B AA0 R B EY1 D OW0 S	SP	526.7896	2007.0602	558.2046	2333.1901	532.3619	2363.8224	572.8024	2292.2073	533.6623	2082.7599	532.361929967,2363.82240799,3041.84522034,4194.88232172,4241.06115486	135.478212382,215.181757067,568.163983885,646.919537362,4944.49773745
55						./INPUTFILES/DASS/	F		0			EY	1	sp	jamaica	sp	621.3	2505.8	3058.1	146.6	252.3	445.2	66.32	66.269	66.37	0.101	ey	stop	velar	voiceless	nasal_labial	one_fol_syll			M	K	internal	4	SP	JH AH0 M EY1 K AH0	SP	615.5297	2167.4225	595.0536	2482.6237	621.2618	2505.8079	609.3817	2570.1544	620.4658	2525.1371	621.261819324,2505.80793739,3058.13101329,3941.52370119	146.632864218,252.298311878,445.166265015,557.724504553
55						./INPUTFILES/DASS/	F		0			EH	1	sp	heading	sp	764.3	1727.5	2506.4	89.0	416.1	471.8	67.441	67.423	67.458	0.035	e	stop	apical	voiced		one_fol_syll			HH	D	internal	2	SP	HH EH1 D AH0 N	SP	827.4884	2035.3548	834.5581	2058.1914	764.2628	1727.4951	682.1076	1751.1861	660.5206	1720.9958	764.262780088,1727.49509147,2506.40413006,3500.58003999,4220.22357071	88.9907119913,416.066310144,471.796223694,737.6441128,863.440815331
55						./INPUTFILES/DASS/	F		0			EY	1	sp	today's	sp	489.3	2413.9	3066.5	17.3	68.3	308.7	69.186	69.094	69.279	0.185	ey	fricative	apical	voiced	oral_apical				D	Z	internal	4	SP	T AH0 D EY1 Z	SP	469.9519	2194.6713	478.8114	2332.206	489.2761	2413.9093	501.1627	2335.2452	519.1348	2205.4796	489.276147087,2413.90926695,3066.54505921,4072.0392964,4537.34418112	17.2705057645,68.3224481298,308.68909456,2375.30799406,506.923990649
55						./INPUTFILES/DASS/	F		0			AW	1	sp	without	sp	768.8	1264.8	2501.0	45.2	96.5	182.9	70.32	70.255	70.385	0.13	aw	stop	apical	voiceless	oral_apical				DH	T	internal	4	SP	W IH0 DH AW1 T	SP	802.901	1799.5778	820.7778	1400.3526	768.7841	1264.8228	615.7866	1196.9559	571.3013	1361.7587	768.78409663,1264.82277249,2501.04967176,3233.29353084,4678.37715488	45.2119106507,96.4822181969,182.894598656,196.098525172,387.618715538
55						./INPUTFILES/DASS/	F		0			AW	1	sp	doubt	sp	763.3	1271.3	2552.3	126.7	112.3	284.1	70.706	70.607	70.804	0.197	aw	stop	apical	voiceless	oral_apical				D	T	internal	2	SP	D AW1 T	SP	789.1906	1719.2471	844.3753	1452.2183	763.3222	1271.3287	648.2032	1127.9363	537.1839	1321.2028	763.322182686,1271.3287478,2552.26045359,3393.13574085,4649.99151027	126.741675262,112.300933953,284.098609234,224.921829586,395.751927605
55						./INPUTFILES/DASS/	F		0			AO	1	sp	more	likely	737.9	1072.5	3130.4	139.7	151.4	379.8	71.186	71.126	71.246	0.12	oh				nasal_labial				M	L	final	2	SP	M AO1	L AY1 K L IY0	730.9883	941.806	792.3128	1020.7333	737.8773	1072.5101	728.3452	1232.2146	621.4616	1361.098	737.877308401,1072.51006078,3130.41409425,3592.07839403	139.690232413,151.409693075,379.828138668,391.132130008
55						./INPUTFILES/DASS/	F		0			AY	1	more	likely	sp	790.9	1978.3	2926.3	84.5	123.0	295.8	71.339	71.292	71.385	0.093	ay0	stop	velar	voiceless	liquid	one_fol_syll			L	K	internal	2	M AO1	L AY1 K L IY0	SP	560.1835	1386.3314	765.782	1602.6186	819.0586	1873.5758	727.6689	2090.9305	625.1964	2441.524	790.946734348,1978.3411191,2926.33696369,3971.42020294	84.524833027,122.985688358,295.78458652,474.332245993
55						./INPUTFILES/DASS/	F		0			IH	1	sp	pick	sp	522.4	2144.6	2805.1	117.4	396.4	477.3	71.811	71.793	71.829	0.036	i	stop	velar	voiceless	oral_labial				P	K	internal	2	SP	P IH1 K	SP	553.4248	2078.8764	583.209	2103.2116	522.4478	2144.5813	504.6645	2159.5448	529.0563	2269.6006	522.447759597,2144.58128218,2805.08218157,3959.33104812,4335.48700574	117.392800178,396.448060766,477.278734711,544.061796276,1303.56002044
55						./INPUTFILES/DASS/	F		0			AY	1	an	island	sp	897.6	1684.9	2475.6	205.7	332.8	358.0	72.115	72.053	72.178	0.125	ay	lateral	apical	voiced		one_fol_syll			N	L	initial	1	AH0 N	AY1 L AH0 N D	SP	982.6388	1588.5016	942.8607	1597.2682	936.7848	1717.4759	799.2302	1737.2837	685.6118	1789.8844	897.587223654,1684.89941707,2475.56951482,3321.57258609,4657.42545026	205.673978344,332.833444817,358.032740442,473.652230141,776.113604075
55						./INPUTFILES/DASS/	F		0			AO	1	sp	offers	sp	777.1	1222.4	2337.3	48.5	113.9	196.8	72.982	72.929	73.034	0.105	oh	fricative	labiodental	voiceless		one_fol_syll			SP	F	initial	1	SP	AO1 F ER0 Z	SP	747.2097	1305.3123	789.7498	1267.2305	777.1127	1222.3618	765.2967	1144.8002	746.3539	1175.1958	777.11269652,1222.36184955,2337.28917197,3291.80723016,4617.89949528	48.5408990605,113.899925159,196.808685161,139.428208082,277.063245561
55						./INPUTFILES/DASS/	F		0			IH	1	sp	historical	sp	585.3	1772.0	3133.1	165.1	325.8	387.3	74.45	74.437	74.462	0.025	i	fricative	apical	voiceless		complex_two_syl			HH	S	internal	2	SP	HH IH1 S T AO0 R IH0 K AH0 L	SP	592.9012	1684.103	592.9012	1684.103	585.2739	1772.0376	600.0337	1779.541	606.9566	1774.708	585.273918783,1772.03759391,3133.0974681,4044.71141284,4740.9676497	165.068850718,325.819224023,387.27102772,571.69914556,465.157290454
55						./INPUTFILES/DASS/	F		0			EY	1	sp	associations	sp	524.2	2483.8	2785.6	140.4	453.2	1531.5	75.517	75.461	75.574	0.113	ey	fricative	palatal	voiceless		one_fol_syll			IY0	SH	internal	6	SP	AH0 S OW2 S IY0 EY1 SH AH0 N Z	SP	511.3772	2594.6933	502.5584	2341.5207	524.1707	2483.8326	572.1677	2398.1431	596.8767	2105.8108	524.170674075,2483.83261919,2785.60712138,3873.17168039,4297.92997179	140.384928052,453.229647198,1531.52462592,984.393141698,3169.44888504
55						./INPUTFILES/DASS/	F		0			AW	1	sp	thousands	sp	720.4	1178.8	2768.8	81.0	118.2	205.5	76.799	76.691	76.908	0.217	aw	fricative	apical	voiced	oral_apical	one_fol_syll			TH	Z	internal	2	SP	TH AW1 Z AH0 N Z	SP	907.1583	1444.3684	870.7302	1376.1297	720.4143	1178.7593	553.4647	1192.6805	503.6846	1453.7254	720.41428695,1178.7592537,2768.75475691,3333.77021841,4532.92778098	80.9724015344,118.163737055,205.457349421,222.883234038,175.237903418
55						./INPUTFILES/DASS/	F		0			IH	1	sp	visit	sp	546.2	1729.3	3040.4	93.6	290.6	258.2	77.305	77.281	77.33	0.049	i	fricative	apical	voiced	oral_labial	one_fol_syll			V	Z	internal	2	SP	V IH1 Z AH0 T	SP	550.9798	1630.6624	550.3511	1686.7731	546.4978	1726.212	540.3725	1689.7785	531.2445	1726.1886	546.217828048,1729.32520712,3040.35634168,4246.80960381,4715.05685691	93.5958566162,290.611422408,258.195722281,449.692583999,3489.97297148
55						./INPUTFILES/DASS/	F		0			EY	1	sp	barbados	sp	480.9	2422.8	2910.9	93.9	300.0	562.3	77.808	77.753	77.862	0.109	ey	stop	apical	voiced	oral_labial	one_fol_syll			B	D	internal	5	SP	B AA0 R B EY1 D OW0 S	SP	498.6992	2171.3472	460.1555	2311.4512	480.9004	2422.7996	516.0462	2311.1407	475.3868	2087.6412	480.900405204,2422.7995912,2910.86577509,3835.8941058,4536.35618895	93.869532039,300.046249261,562.250084318,1398.36239267,876.282354993
55						./INPUTFILES/DASS/	F		0			IY	1	sp	beaches	sp	459.7	2369.6	2720.6	112.8	1260.6	450.9	78.512	78.478	78.546	0.068	iy	affricate	palatal	voiceless	oral_labial	one_fol_syll			B	CH	internal	2	SP	B IY1 CH AH0 Z	SP	458.4046	2331.7856	453.2664	2367.2	459.7061	2369.6034	492.0625	2533.5127	505.1567	1685.9431	459.706095046,2369.6034038,2720.58947688,3494.98598977,4369.86373262	112.824438599,1260.56091134,450.939221038,752.113299561,359.36714604
55						./INPUTFILES/DASS/	F		0			AW	1	sp	mountains	sp	903.2	1172.7	2553.1	211.5	139.5	123.7	80.136	80.066	80.205	0.139	aw	nasal	apical	voiced	nasal_labial	complex_one_syl			M	N	internal	2	SP	M AW1 N T AH0 N Z	SP	810.5477	1335.7744	936.7863	1275.4846	903.2019	1172.7149	690.1862	1208.1593	641.7104	1291.422	903.201852892,1172.7148972,2553.13245542,3442.24714572,4799.14766596	211.546557528,139.457525628,123.682850369,295.399178021,1278.6813768
55						./INPUTFILES/DASS/	F		0			AA	1	sp	large	number	793.1	1351.7	2669.5	69.6	129.0	312.1	82.112	82.043	82.18	0.137	o	affricate	palatal	voiced	liquid				L	JH	internal	2	SP	L AA1 JH	N AH1 M B ER0	772.5468	1432.0602	796.2977	1377.2429	793.0879	1351.6898	753.8449	1462.9446	654.7101	1715.7792	793.087894393,1351.68984493,2669.45834281,3489.7198402,4709.14829868	69.6314962741,129.016634702,312.066980502,269.391398896,951.399862258
55						./INPUTFILES/DASS/	F		0			AH	1	large	number	sp	802.6	1418.5	2597.7	135.8	398.3	569.7	82.384	82.359	82.409	0.05	uh	nasal	labial	voiced	nasal_apical	complex_one_syl			N	M	internal	2	L AA1 JH	N AH1 M B ER0	SP	697.1843	1627.7809	753.4733	1559.49	802.6075	1418.4864	776.0318	1338.858	703.6213	1335.9708	802.607471038,1418.48642911,2597.7142041,3403.39002057,4874.05063374	135.810777885,398.343423094,569.719802683,311.068276969,1236.03294971
55						./INPUTFILES/DASS/	F		0			IH	1	sp	visitors	sp	601.1	1754.1	2882.4	137.5	285.2	260.8	82.742	82.721	82.763	0.042	i	fricative	apical	voiced	oral_labial	two_fol_syl			V	Z	internal	2	SP	V IH1 Z AH0 T ER0 Z	SP	553.188	1683.9761	569.6523	1672.3092	601.0689	1754.0774	540.7167	1677.3526	542.4968	1637.9952	601.068907859,1754.0773842,2882.35392957,4311.63964744	137.524784681,285.223118291,260.798099218,1026.90447852
55						./INPUTFILES/DASS/	F		0			UW	1	sp	blue	hole	479.8	1310.6	2704.6	177.4	371.5	402.1	84.243	84.186	84.299	0.113	Tuw				obstruent_liquid				L	HH	final	3	SP	B L UW1	HH OW0 L	457.5524	1373.4635	455.3076	1677.0404	479.7613	1310.5788	485.02	1122.9972	487.3944	1045.9207	479.761331143,1310.57875883,2704.568839,3401.37713837,4514.005261	177.379957471,371.467614384,402.120861605,501.480109701,565.206678854
55						./INPUTFILES/ARI_Frederick/	M		0			AE	1	sp	that	sp	792.8	1374.5	2157.7	70.7	118.1	246.4	0.307	0.25	0.364	0.114	ae	stop	apical	voiceless	oral_apical				DH	T	internal	2	SP	DH AE1 T	SP	611.2392	1418.9436	711.091	1406.083	792.7606	1374.519	789.3803	1409.1845	724.731	1460.6894	792.760609263,1374.51895053,2157.72761165,3345.86826833,3747.65576573	70.6888000225,118.082485014,246.411021206,474.414725949,389.523687628
55						./INPUTFILES/ARI_Frederick/	M		0			UW	1	sp	tooth	sp	613.1	2513.9	3314.6	152.9	431.8	445.4	1.423	1.37	1.476	0.106	Tuw	fricative	interdental	voiceless	oral_apical				T	TH	internal	2	SP	T UW1 TH	SP	362.123	1141.1884	455.8193	887.9749	613.0721	2513.8547	414.716	793.3076	348.102	1040.3404	613.072114857,2513.85467709,3314.60929832,3882.3877126	152.89674407,431.811858866,445.445384524,833.46663158
55						./INPUTFILES/ARI_Frederick/	M		0			EH	1	sp	better	sp	615.6	1633.8	2292.1	48.3	109.2	499.9	3.806	3.769	3.844	0.075	e	stop	apical	voiceless	oral_labial	one_fol_syll			B	T	internal	2	SP	B EH1 T ER0	SP	458.4796	1438.8146	572.2917	1625.0915	615.5841	1633.8478	603.4958	1573.4292	508.5337	1447.2184	615.58413596,1633.84775344,2292.07320023,3680.52908499,4423.4832267	48.297623936,109.167105026,499.941443163,289.83919146,4288.78954812
55						./INPUTFILES/ARI_Frederick/	M		0			ER	1	sp	hurt	sp	445.9	1327.3	2516.0	48.5	67.9	196.6	6.058	5.989	6.127	0.138	*hr	stop	apical	voiceless					HH	T	internal	2	SP	HH ER1 T	SP	437.4956	1276.3247	451.1155	1236.1147	445.9414	1327.2599	472.785	1331.2964	462.9848	1483.0131	445.941386315,1327.25993654,2516.02009844,3769.93830827,4060.72661657	48.456227368,67.8598539129,196.642647811,326.631898012,203.489543359
55						./INPUTFILES/ARI_Frederick/	M		0			AW	1	sp	house	sp	634.8	1015.2	2395.3	122.4	155.7	435.5	7.67	7.579	7.762	0.183	aw	fricative	apical	voiceless					HH	S	internal	2	SP	HH AW1 S	SP	677.1137	1119.5659	690.6795	1136.3093	634.8276	1015.1755	516.4594	933.6215	459.7002	837.8774	634.827596135,1015.17547916,2395.27474222,3315.44991215,4161.11711842	122.360819907,155.749500158,435.469958971,119.249755629,132.978395292
55						./INPUTFILES/ARI_Frederick/	M		0			AW	1	sp	town	sp	729.6	1178.9	2342.9	123.0	135.4	598.2	10.593	10.521	10.665	0.144	aw	nasal	apical	voiced	oral_apical				T	N	internal	2	SP	T AW1 N	SP	626.8024	1288.6124	684.7082	1245.9506	729.5991	1178.9217	674.6546	1028.6177	640.0792	902.7907	729.599085664,1178.92165219,2342.94397236,3280.81375809,4108.36650064	122.952233525,135.409910163,598.22011506,293.449848595,313.61030689
55						./INPUTFILES/ARI_Frederick/	M		0			AE	1	sp	hat	sp	805.1	1410.1	2177.6	106.3	134.9	297.0	15.78	15.743	15.816	0.073	ae	stop	apical	voiceless					HH	T	internal	2	SP	HH AE1 T	SP	786.081	1511.4652	810.2933	1406.0208	805.1374	1410.1092	743.1615	1394.1478	669.0858	1506.6343	805.137432858,1410.10916088,2177.64071952,3400.61319507,3785.84767675	106.316988878,134.937620023,296.958543638,1147.53782404,305.285156912
55						./INPUTFILES/ARI_Frederick/	M		0			AO	1	sp	thought	sp	514.5	737.9	2646.2	151.7	116.9	225.3	19.334	19.254	19.413	0.159	oh	stop	apical	voiceless	oral_apical				TH	T	internal	2	SP	TH AO1 T	SP	471.3428	926.3697	494.2529	813.7019	514.5234	737.8872	492.4936	838.9077	511.5263	1044.2239	514.52339262,737.887248357,2646.2080913,3841.94739112,4118.1306076	151.658548092,116.912345323,225.328368047,1053.98614694,238.969534243
55						./INPUTFILES/ARI_Frederick/	M		0			UH	1	sp	put	sp	541.0	1112.4	2572.9	99.2	464.6	1106.1	22.293	22.268	22.317	0.049	u	stop	apical	voiceless	oral_labial				P	T	internal	2	SP	P UH1 T	SP	481.5301	758.861	482.257	916.922	540.9863	1112.4011	478.2066	1316.6739	456.4954	1325.5066	540.986298075,1112.40112298,2572.90495335,3444.16626046,4224.86708138	99.1702867273,464.594617426,1106.10421115,416.421474021,161.763687834
55						./INPUTFILES/ARI_Frederick/	M		0			IY	1	sp	heat	sp	395.7	2224.1	3100.9	183.8	161.8	248.4	27.366	27.324	27.408	0.084	iy	stop	apical	voiceless					HH	T	internal	2	SP	HH IY1 T	SP	256.1439	2054.9606	394.4666	2197.4739	395.7036	2224.0859	387.8105	2229.565	309.4601	2221.5616	395.703620058,2224.08590443,3100.85867888,4008.94577936	183.839263112,161.784221371,248.367771245,254.660566941
55						./INPUTFILES/ARI_Frederick/	M		0			IH	1	sp	hit	sp	549.7	1879.9	2625.3	32.7	138.2	346.6	32.886	32.863	32.909	0.046	i	stop	apical	voiceless					HH	T	internal	2	SP	HH IH1 T	SP	487.9676	2103.0685	507.5518	1932.4641	549.6654	1879.8747	516.0111	1844.3748	504.7163	1831.6146	549.665428924,1879.87471809,2625.34479134,3763.75068579	32.7317707839,138.155201257,346.563687455,459.219963853
55						./INPUTFILES/ARI_Frederick/	M		0			AH	1	sp	hut	sp	620.8	1156.5	1976.3	57.1	174.8	203.1	35.338	35.307	35.369	0.062	uh	stop	apical	voiceless					HH	T	internal	2	SP	HH AH1 T	SP	640.3728	1902.3407	611.6305	1026.7028	620.8452	1156.5215	615.529	1307.0357	544.7662	1342.6586	620.845152447,1156.52150346,1976.30708235,3464.96083471,4446.63000893	57.0718081064,174.778791463,203.106986062,311.433366516,381.680189749
55						./INPUTFILES/ARI_Frederick/	M		0			AA	1	sp	father	sp	652.3	1082.6	2569.4	41.0	79.8	2037.7	37.098	37.017	37.179	0.162	ah	fricative	interdental	voiced	oral_labial	one_fol_syll			F	DH	internal	2	SP	F AA1 DH ER0	SP	558.092	951.8159	638.4719	1008.8056	652.3139	1082.5704	651.6543	1110.4392	617.5078	1082.0191	652.313920914,1082.57036647,2569.44955347,3193.45517885,4038.32110388	40.960374015,79.8155786314,2037.67067675,390.278307748,363.124478355
55						./INPUTFILES/ARI_Frederick/	M		0			AA	1	your	father	star	583.2	972.7	2790.1	60.6	64.8	1225.3	39.649	39.589	39.709	0.12	ah	fricative	interdental	voiced	oral_labial	one_fol_syll			F	DH	internal	2	Y UH0 R	F AA1 DH ER0	S T AA0 R	498.2726	898.5231	571.0777	976.7583	583.2483	972.6544	579.2995	1008.1121	507.6797	983.9089	583.248340401,972.654372494,2790.08368807,2972.33831048,4131.77293633	60.6170560967,64.7745662936,1225.31978037,461.081186867,366.893949874
55						./INPUTFILES/ARI_Frederick/	M		0			EY	1	sp	hate	sp	358.6	2190.0	2519.8	51.9	283.8	503.1	41.285	41.249	41.32	0.071	ey	stop	apical	voiceless					HH	T	internal	2	SP	HH EY1 T	SP	372.1807	2108.7007	362.1003	2141.6863	358.6375	2190.0453	379.4162	2055.7883	413.7089	2012.3753	358.637490313,2190.04530267,2519.80543993,3560.54678434,4220.28164636	51.9062133674,283.829297698,503.083747785,482.263481248,142.597358767
55						./INPUTFILES/ARI_Frederick/	M		0			AE	1	sp	dance	sp	718.0	1498.7	2279.8	117.5	140.3	741.1	42.87	42.787	42.953	0.166	ae	nasal	apical	voiced	oral_apical	complex_coda			D	N	internal	2	SP	D AE1 N S	SP	667.8149	1614.2015	709.74	1556.1698	718.0146	1498.6696	688.0714	1470.0849	660.3267	1431.1485	718.014584779,1498.66959101,2279.75564438,2650.19428588,3980.43505831	117.549772133,140.304107365,741.050059653,665.956033412,680.938388488
55						./INPUTFILES/ARI_Frederick/	M		0			AH	1	sp	cut	sp	573.5	1268.0	2289.3	28.3	182.2	857.4	46.502	46.458	46.547	0.089	uh	stop	apical	voiceless	velar				K	T	internal	2	SP	K AH1 T	SP	495.1067	1050.1296	555.1334	1206.6561	573.4525	1268.0374	585.7332	1356.9243	549.0244	1399.7672	573.452549989,1268.03737685,2289.26454643,3431.66268246,4136.01771718	28.2616311991,182.21942513,857.449404796,321.763846268,376.394278669
55						./INPUTFILES/ARI_Frederick/	M		0			AA	1	sp	heart	sp	724.2	1076.1	2355.8	74.1	124.0	283.5	48.733	48.63	48.836	0.206	o	stop	apical	voiceless					HH	T	internal	2	SP	HH AA1 T	SP	680.0508	1020.6615	711.4402	1059.1995	724.2145	1076.0816	737.9708	1133.3524	711.9693	1285.8104	724.21447607,1076.08160552,2355.84279126,3364.57261173,4077.9554986	74.0828818008,123.973691533,283.535707371,330.890613109,850.8771029
55						./INPUTFILES/ARI_Frederick/	M		0			OW	1	sp	host	sp	493.1	649.5	2986.6	109.5	453.4	179.8	52.583	52.519	52.647	0.128	ow	fricative	apical	voiceless		complex_coda			HH	S	internal	2	SP	HH OW1 S T	SP	476.8619	502.1915	473.3461	713.2207	493.1492	649.4506	465.1217	606.2738	151.7175	678.4792	493.149225942,649.450572583,2986.61046873,3476.48980911,4239.56468265	109.500767935,453.383567202,179.81356075,281.13314757,368.939165127
55						./INPUTFILES/ARI_Frederick/	M		0			AE	1	sp	after	sp	748.2	1121.3	2138.4	48.8	66.9	314.1	53.947	53.876	54.017	0.141	ae	fricative	labiodental	voiceless		complex_one_syl			SP	F	initial	1	SP	AE1 F T ER0	SP	780.5242	1158.4626	750.8134	1129.9953	748.1952	1121.262	746.0706	1134.4411	687.3033	1079.9658	748.195177053,1121.26200096,2138.35526508,3405.820276,4467.40477876	48.8181019512,66.9364881015,314.122916498,376.671974984,1063.58950802
55						./INPUTFILES/ARI_Frederick/	M		0			AH	1	been	coming	sp	615.6	1160.4	1760.5	111.7	553.6	401.8	4.037	4.011	4.063	0.052	uh	nasal	labial	voiced	velar	one_fol_syll			K	M	internal	2	B AH0 N	K AH1 M IH0 NG	SP	434.4038	1319.0535	530.1186	1344.6842	615.6195	1160.4317	566.4199	1030.4916	521.7864	1122.249	615.619470474,1160.43167878,1760.45838568,3421.72456312,4183.2265679	111.68460414,553.611329296,401.815729602,285.287266382,49.8659104618
55						./INPUTFILES/ARI_Frederick/	M		0			AE	1	sp	sample	sp	711.4	1197.9	2078.0	63.8	56.4	285.7	4.563	4.503	4.623	0.12	ae	nasal	labial	voiced	oral_apical	complex_one_syl			S	M	internal	2	SP	S AE1 M P AH0 L	SP	546.5637	1042.0785	647.3236	1199.9526	711.3764	1197.8886	710.2884	1141.6069	673.2897	1036.4879	711.376368374,1197.88856762,2077.96168359,3365.05194051,4093.84044458	63.7609795437,56.4243488808,285.741885492,257.040134161,468.096016158
55						./INPUTFILES/ARI_Frederick/	M		0			AY	1	sp	delights	sp	584.3	1648.1	2146.2	60.8	142.7	231.4	5.226	5.171	5.28	0.109	ay0	stop	apical	voiceless	liquid	complex_coda			L	T	internal	4	SP	D AH0 L AY1 T S	SP	517.8951	1308.5619	660.6294	1496.352	642.7281	1615.2718	544.2293	1665.3412	451.7076	1760.809	584.326653741,1648.10480902,2146.15014097,3637.86775107,3976.51395337	60.7642109253,142.693280013,231.418676523,398.32296279,225.723657759
55						./INPUTFILES/ARI_Frederick/	M		0			OW	1	for	over	sp	485.5	523.7	2982.2	461.6	198.4	583.3	6.46	6.39	6.531	0.141	ow	fricative	labiodental	voiced		one_fol_syll			AO0	V	initial	1	F AO0	OW1 V ER0	SP	484.7396	3004.4745	416.7334	502.1309	485.5464	523.7296	428.8165	603.3233	436.2776	641.1113	485.546378124,523.729585408,2982.17341454,3333.47686371,3838.30053045	461.627665388,198.439687781,583.305969366,351.602769322,139.171399477
55						./INPUTFILES/ARI_Frederick/	M		0			UW	1	sp	two	hundred	379.5	696.1	2506.6	144.8	111.5	480.7	7.245	7.09	7.4	0.31	Tuw				oral_apical				T	HH	final	2	SP	T UW1	HH AH1 N D R AH0 D	387.726	806.7644	385.222	691.9616	379.5017	696.0875	450.2825	507.3292	398.7497	622.993	379.501717353,696.087471873,2506.59297469,3461.18276968,4213.00218341	144.812057812,111.476007705,480.739246127,335.597728072,276.490186304
55						./INPUTFILES/ARI_Frederick/	M		0			AH	1	two	hundred	sp	616.3	1395.4	2315.9	26.6	57.6	486.0	7.605	7.569	7.641	0.072	uh	nasal	apical	voiced		complex_one_syl			HH	N	internal	2	T UW1	HH AH1 N D R AH0 D	SP	663.6878	1076.8994	651.6021	1239.692	616.3385	1395.3584	593.6312	1506.258	478.0137	1495.1647	616.33848275,1395.35836112,2315.90882973,3408.9739121,4072.63632016	26.5988575707,57.5632910858,485.995705661,330.263165591,354.558607594
55						./INPUTFILES/ARI_Frederick/	M		0			AE	1	sp	bath	sp	751.8	1219.5	2154.2	69.7	125.7	210.6	9.274	9.199	9.349	0.15	ae	fricative	interdental	voiceless	oral_labial				B	TH	internal	2	SP	B AE1 TH	SP	665.4709	1135.5114	733.4464	1218.3184	751.8494	1219.4649	761.9428	1265.3918	674.144	1234.998	751.849383551,1219.46487943,2154.15826438,3415.89717188,3442.90734323	69.7323090733,125.726095058,210.596088053,525.200739208,393.173918975
55						./INPUTFILES/ARI_Frederick/	M		0			OW	1	sp	hotel	sp	405.9	768.0	2521.1	119.8	79.8	292.4	9.543	9.502	9.583	0.081	ow	stop	apical	voiceless		one_fol_syll			HH	T	internal	2	SP	HH OW1 T EH0 L	SP	384.3121	1152.5326	386.8557	761.0606	405.9201	767.9575	464.5363	979.9831	427.5525	1187.8222	405.920127106,767.957540997,2521.06697292,3249.51615859,4019.32006292	119.836053163,79.7897678776,292.379596948,125.796091526,200.806028411
55						./INPUTFILES/ARI_Frederick/	M		0			AY	1	sp	island	sp	632.6	1575.2	2129.5	40.6	107.6	219.7	10.317	10.237	10.396	0.159	ay	lateral	apical	voiced		one_fol_syll			SP	L	initial	1	SP	AY1 L AH0 N D	SP	782.9411	1388.0481	746.8551	1368.9674	676.8474	1516.7864	570.1796	1660.084	485.947	1618.591	632.553464362,1575.17670224,2129.46524065,3356.33473957,3804.92618793	40.5694285569,107.606714903,219.734205019,216.110579678,396.893383095
55						./INPUTFILES/ARI_Frederick/	M		0			ER	1	sp	first	opened	424.6	1102.0	2708.5	106.0	122.5	301.6	11.447	11.383	11.51	0.127	*hr	fricative	apical	voiceless	oral_labial	complex_coda			F	S	internal	2	SP	F ER1 S T	OW1 P AH0 N D	434.5447	910.7917	436.9764	983.3035	424.5656	1101.9685	460.5689	1168.739	430.6957	1139.8035	424.565580659,1101.9685417,2708.54711991,3593.46512196,4313.62761725	106.0355337,122.544117169,301.593297934,85.8195265068,80.5723178628
55						./INPUTFILES/ARI_Frederick/	M		0			OW	1	first	opened	sp	448.1	688.2	2774.8	281.3	127.6	342.4	11.681	11.649	11.714	0.065	ow	stop	labial	voiceless		one_fol_syll			T	P	initial	1	F ER1 S T	OW1 P AH0 N D	SP	461.4378	811.0581	454.0622	703.1371	448.0644	688.2363	414.5722	678.0996	420.5394	860.74	448.064390353,688.236303365,2774.84203239,3453.35703678,4227.89158722	281.252858293,127.57387355,342.449509604,212.14124297,70.1837194655
55						./INPUTFILES/ARI_Frederick/	M		0			EH	1	sp	seven	teen	540.3	1402.9	1987.2	54.9	231.3	1447.3	12.281	12.25	12.312	0.062	e	fricative	labiodental	voiced	oral_apical	one_fol_syll			S	V	internal	2	SP	S EH1 V AH0 N	T IY1 N	433.8764	1384.0959	509.7862	1301.5013	540.2798	1402.8518	571.6205	1371.1384	517.0298	1296.2248	540.279824368,1402.85176018,1987.16567591,3591.88814796,4437.56287309	54.8682940482,231.271443067,1447.27391156,187.719105519,915.075461883
55						./INPUTFILES/ARI_Frederick/	M		0			IY	1	seven	teen	seventy	343.2	1605.3	2228.3	75.2	3139.6	242.5	12.661	12.611	12.71	0.099	iy	nasal	apical	voiced	oral_apical				T	N	internal	2	S EH1 V AH0 N	T IY1 N	S EH1 V AH0 N T IY0	297.4163	1851.4612	342.8882	2086.6019	343.1988	1605.2735	357.743	2478.7882	395.8893	1209.0671	343.198794188,1605.27345715,2228.25455439,3708.71153537	75.1893308122,3139.59840139,242.454073339,232.969298103
55						./INPUTFILES/ARI_Frederick/	M		0			EH	1	teen	seventy	eight	527.4	1428.3	2156.8	63.2	98.2	632.2	12.931	12.903	12.958	0.055	e	fricative	labiodental	voiced	oral_apical	two_fol_syl			S	V	internal	2	T IY1 N	S EH1 V AH0 N T IY0	EY1 T	445.8658	1418.8085	495.8294	1405.4615	527.3575	1428.2617	513.9871	1362.5146	484.2853	1255.9093	527.357486388,1428.26167681,2156.80448946,3609.28258261,4153.96151676	63.2091880438,98.2153853091,632.24075669,118.399938995,244.953134897
55						./INPUTFILES/ARI_Frederick/	M		0			EY	1	seventy	eight	sp	347.5	2022.4	2378.1	54.0	293.5	774.0	13.272	13.211	13.333	0.122	ey	stop	apical	voiceless					IY0	T	initial	1	S EH1 V AH0 N T IY0	EY1 T	SP	349.9658	2037.0475	347.0678	2085.0299	347.5169	2022.4362	387.0189	1994.1916	386.1345	1712.5585	347.516944697,2022.43615659,2378.14276152,3638.63228249,4034.00028248	53.9592918151,293.482934681,774.042541078,169.895471378,298.074127429
55						./INPUTFILES/ARI_Frederick/	M		0			IY	1	sp	being	sp	289.0	1842.3	2606.4	45.6	555.2	567.4	15.341	15.3	15.383	0.083	iy				oral_labial	one_fol_syll			B	IH0	internal	2	SP	B IY1 IH0 NG	SP	301.1358	1957.9238	286.9584	2026.8993	288.9503	1842.304	349.1211	2026.8021	401.5869	1593.6979	288.950280313,1842.30397266,2606.39860773,3569.1602673,3961.20032947	45.5626351259,555.191588862,567.383062789,158.014824334,108.644130858
55						./INPUTFILES/ARI_Frederick/	M		0			EY	1	sp	main	sp	413.6	1977.8	2120.3	57.7	1074.7	190.8	16.454	16.399	16.509	0.11	ey	nasal	apical	voiced	nasal_labial				M	N	internal	2	SP	M EY1 N	SP	404.0389	1735.9384	404.1025	2051.4054	413.5872	1977.8464	428.6138	1849.0471	448.1867	1656.7096	413.587188398,1977.84640376,2120.31580621,3481.81851169,3888.0581727	57.7369825814,1074.7159803,190.832465474,153.721519538,78.5641405546
55						./INPUTFILES/ARI_Frederick/	M		0			IH	1	foreign	visitors	sp	417.2	1202.6	2119.3	43.4	1069.9	300.3	17.741	17.719	17.762	0.043	i	fricative	apical	voiced	oral_labial	two_fol_syl			V	Z	internal	2	F AO0 R AH0 N	V IH1 Z AH0 T ER0 Z	SP	418.7248	1867.5346	422.3958	1394.3133	417.2148	1202.5859	393.8129	1352.1032	385.0137	1517.4926	417.214816822,1202.58585498,2119.32440815,3607.28370411,4153.95490421	43.3539575269,1069.94530406,300.333272565,148.359728778,823.81161428
55						./INPUTFILES/ARI_Frederick/	M		0			EY	1	sp	late	sp	402.6	1938.8	2138.9	35.1	425.4	237.9	19.422	19.375	19.47	0.095	ey	stop	apical	voiceless	liquid				L	T	internal	2	SP	L EY1 T	SP	394.537	1775.2783	402.8082	1935.4914	402.5598	1938.7916	411.8767	1901.8574	417.6845	1840.1594	402.559816938,1938.79158126,2138.90269042,3469.54809637,3836.70139834	35.129223211,425.424216775,237.918370355,644.415027643,98.7230744199
55						./INPUTFILES/ARI_Frederick/	M		0			AY	1	sp	nineteenth	sp	563.1	1747.3	2186.8	131.0	203.0	442.0	19.706	19.642	19.771	0.129	ay	nasal	apical	voiced	nasal_apical	complex_one_syl			N	N	internal	2	SP	N AY1 N T IY1 N TH	SP	373.3321	1277.9101	650.2081	1543.3278	613.8248	1705.6367	537.314	1822.4436	492.2673	1881.7505	563.110495835,1747.33625075,2186.76384123,3399.05196241,3872.05164402	131.024242829,203.046778817,442.002284692,1062.21475806,302.320877266
55						./INPUTFILES/ARI_Frederick/	M		0			IY	1	sp	nineteenth	sp	371.3	1846.5	2224.7	71.2	300.0	197.9	19.898	19.87	19.927	0.057	iy	nasal	apical	voiced	oral_apical	complex_coda			T	N	internal	5	SP	N AY1 N T IY1 N TH	SP	315.407	1709.0381	348.0703	1908.0662	371.3453	1846.5403	373.4227	1722.0109	390.7536	1680.8577	371.34529567,1846.54030914,2224.68184361,3662.4190647,3790.22696016	71.1919061737,299.981583319,197.939303217,188.657073914,586.049050567
55						./INPUTFILES/ARI_Frederick/	M		0			EH	1	sp	century	sp	525.0	1591.8	2250.8	48.3	84.9	596.1	20.112	20.077	20.147	0.07	e	nasal	apical	voiced	oral_apical	complex_two_syl			S	N	internal	2	SP	S EH1 N CH ER0 IY0	SP	398.613	1578.8559	490.6194	1530.3604	524.9517	1591.841	572.4549	1557.2817	547.762	1549.3551	524.951682136,1591.84101819,2250.75636248,3701.76750731,3748.12705467	48.3426652421,84.8671062714,596.104496656,190.013343367,1886.28612969
55						./INPUTFILES/ARI_Frederick/	M		0			EY	1	sp	destination	sp	427.0	2092.4	2178.2	58.6	321.8	1286.1	22.595	22.555	22.634	0.079	ey	fricative	palatal	voiceless	nasal_apical	one_fol_syll			N	SH	internal	7	SP	D EH2 S T AH0 N EY1 SH AH0 N	SP	423.8155	1728.0812	440.124	1793.8472	426.9597	2092.4379	395.4763	2007.8683	363.5782	1935.4193	426.959721013,2092.43786827,2178.20134888,3684.63182569,3734.50175097	58.6063067503,321.769012275,1286.07872332,336.085006051,820.108510525
55						./INPUTFILES/ARI_Frederick/	M		0			OW	1	sp	those	with	425.1	845.7	2487.0	147.3	150.0	232.1	24.422	24.331	24.514	0.183	ow	fricative	apical	voiced	oral_apical				DH	Z	internal	2	SP	DH OW1 Z	SP	399.92	1149.2924	405.4564	937.8291	425.1319	845.7138	424.1925	889.3434	426.9532	1036.7825	425.131945317,845.713840551,2487.0356649,3406.97563726,4478.31949654	147.252645298,150.004999692,232.085051331,162.684359762,888.059839161
55						./INPUTFILES/ARI_Frederick/	M		0			AY	1	sp	time	sp	715.0	1531.0	2194.5	148.4	82.0	330.1	25.112	24.999	25.225	0.226	ay	nasal	labial	voiced	oral_apical				T	M	internal	2	SP	T AY1 M	SP	632.5279	1262.0451	765.2116	1302.3	752.8379	1475.8573	639.4001	1717.377	560.3842	1808.5722	714.955833906,1531.03363049,2194.5048506,3292.69650228,3641.16698138	148.35661691,81.967772459,330.056115998,1293.39073013,246.030832693
55						./INPUTFILES/ARI_Frederick/	M		0			EY	1	sp	make	sp	416.4	1865.8	1909.9	44.6	1911.3	96.2	25.657	25.632	25.681	0.049	ey	stop	velar	voiceless	nasal_labial				M	K	internal	2	SP	M EY1 K	SP	418.6591	1606.7902	424.5438	1721.6287	416.3554	1865.8355	396.1746	1706.9126	404.3709	1881.4768	416.355379985,1865.83550176,1909.89854221,3398.33765222,3903.51147937	44.639886871,1911.30468572,96.1552591044,290.1639009,214.924196919
55						./INPUTFILES/ARI_Frederick/	M		0			ER	1	sp	journey	sp	489.6	1532.2	2241.3	57.5	85.3	255.7	25.997	25.944	26.05	0.106	*hr	nasal	apical	voiced	palatal	one_fol_syll			JH	N	internal	2	SP	JH ER1 N IY0	SP	357.1074	1708.9066	425.8159	1566.9149	489.6442	1532.2217	503.2068	1594.914	467.4589	1540.7304	489.644216535,1532.22165791,2241.27727886,3507.80857343,4050.96504061	57.5411838256,85.2979357069,255.691781231,383.42436241,112.497045761
55						./INPUTFILES/ARI_Frederick/	M		0			EH	1	sp	however	sp	552.4	1128.9	1938.6	32.0	68.2	630.3	27.226	27.187	27.265	0.078	e	fricative	labiodental	voiced		one_fol_syll			AW2	V	internal	3	SP	HH AW2 EH1 V ER0	SP	503.2546	982.6157	528.2202	1065.5162	552.3638	1128.8987	539.0902	1067.8574	454.4814	957.4631	552.363810816,1128.89874187,1938.56112302,3367.71447448,4039.36930238	31.9897863579,68.1703891288,630.264326976,136.304899361,82.309131801
55						./INPUTFILES/ARI_Frederick/	M		0			AE	1	sp	advent	sp	766.9	1282.8	2102.6	39.7	69.4	208.7	29.113	29.071	29.155	0.084	ae	stop	apical	voiced		complex_one_syl			SP	D	initial	1	SP	AE1 D V EH2 N T	SP	806.7132	1297.3772	811.705	1315.2832	766.9007	1282.7817	724.3249	1270.9564	572.9894	1256.3377	766.900701461,1282.78165039,2102.60037801,3039.48645388,3482.6485325	39.7179708743,69.4285846568,208.747128024,370.41101268,350.139839138
55						./INPUTFILES/ARI_Frederick/	M		0			AE	1	sp	international	sp	725.5	1368.4	2079.7	94.8	80.3	342.2	30.483	30.44	30.527	0.087	ae	fricative	palatal	voiceless	nasal_apical	two_fol_syl			N	SH	internal	6	SP	IH2 N T ER0 N AE1 SH AH0 N AH0 L	SP	584.281	1368.8865	700.5413	1408.4678	725.5346	1368.3525	712.2084	1362.7764	675.745	1390.5922	725.534559437,1368.35252921,2079.67266759,3422.39862121,4005.93644374	94.7607675127,80.2760608395,342.228146819,251.848892657,635.349620566
55						./INPUTFILES/ARI_Frederick/	M		0			AY	1	sp	flights	sp	575.5	1575.7	2072.0	75.1	111.9	267.7	31.071	31.01	31.132	0.122	ay0	stop	apical	voiceless	obstruent_liquid	complex_coda			L	T	internal	3	SP	F L AY1 T S	SP	411.4509	1170.066	637.0796	1344.0558	601.7363	1493.144	528.9616	1668.9554	433.8322	1681.5677	575.476026435,1575.65670094,2071.99746177,3545.21218746,4079.89319124	75.0657059279,111.906370738,267.745232137,200.967557868,200.382155303
55						./INPUTFILES/ARI_Frederick/	M		0			AY	1	sp	nineteen	sp	611.3	1738.0	2236.2	115.6	144.7	413.6	31.796	31.733	31.859	0.126	ay	nasal	apical	voiced	nasal_apical	complex_one_syl			N	N	internal	2	SP	N AY1 N T IY2 N	SP	360.3541	1288.8136	675.9509	1497.1974	665.2171	1690.2421	582.5489	1882.8258	550.3025	1792.3916	611.257411086,1738.02469739,2236.22291183,3507.45666221,3954.72799151	115.560626807,144.733370332,413.582542851,364.38345766,266.231678719
55						./INPUTFILES/ARI_Frederick/	M		0			IH	1	sp	sixties	sp	442.4	1554.3	1918.6	51.7	84.1	231.8	32.189	32.174	32.203	0.029	i	stop	velar	voiceless	oral_apical	complex_one_syl			S	K	internal	2	SP	S IH1 K S T IY0 Z	SP	424.4645	1660.8898	424.3086	1612.0246	444.4042	1552.6756	406.0892	1544.1771	399.6808	1512.4993	442.435013385,1554.33578149,1918.63127361,3752.00444039	51.7296467945,84.0918135898,231.837881819,88.6340778798
55						./INPUTFILES/ARI_Frederick/	M		0			AA	1	sp	market	started	756.8	1068.6	2395.5	77.6	75.5	1066.2	33.609	33.535	33.684	0.149	o	stop	velar	voiceless	nasal_labial	one_fol_syll			M	K	internal	2	SP	M AA1 K AH0 T	S T AA1 T AH0 D	673.0875	982.5395	730.25	1078.2762	756.7716	1068.649	747.9464	1064.1859	675.4761	1040.023	756.771617397,1068.64898646,2395.52372559,3338.99077425,3722.94980682	77.5626481289,75.4986158752,1066.17894128,229.678805418,1068.02883318
55						./INPUTFILES/ARI_Frederick/	M		0			AA	1	market	started	to	649.8	1123.3	2159.7	45.3	55.6	514.9	34.17	34.11	34.23	0.12	o	stop	apical	voiceless	oral_apical	one_fol_syll			T	T	internal	3	M AA1 K AH0 T	S T AA1 T AH0 D	SP	575.7799	1245.3117	625.728	1192.591	649.7715	1123.2788	619.492	1166.2476	560.7982	1283.3925	649.771541268,1123.27878033,2159.70452641,3611.01507441,4036.60446296	45.3423709002,55.5906278272,514.933147455,612.61664257,224.777370494
55						./INPUTFILES/ARI_Frederick/	M		0			OW	1	sp	open	sp	496.8	579.7	2791.2	517.0	63.8	339.6	34.627	34.596	34.659	0.063	ow	stop	labial	voiceless		one_fol_syll			SP	P	initial	1	SP	OW1 P AH0 N	SP	461.2035	580.7763	512.8945	536.5807	496.7526	579.6881	484.8857	576.4411	479.8587	545.7868	496.752615351,579.688051409,2791.2125808,3256.14092931,3992.07332762	517.009661319,63.7692338714,339.611799024,194.000848473,134.479654433
55						./INPUTFILES/ARI_Frederick/	M		0			AE	1	sp	man	sp	712.9	1292.3	1824.2	152.4	89.1	401.4	36.327	36.261	36.392	0.131	ae	nasal	apical	voiced	nasal_labial				M	N	internal	2	SP	M AE1 N	SP	683.7874	1185.427	711.125	1257.0395	712.935	1292.298	714.921	1329.0177	728.1856	1361.9088	712.934964084,1292.29796653,1824.22064683,3348.37865454,3892.30242367	152.386189711,89.1342787607,401.394196952,483.240373534,732.878495147
55						./INPUTFILES/ARI_Frederick/	M		0			EY	1	sp	today	sp	429.5	2026.2	2417.2	93.8	224.6	327.0	37.656	37.538	37.775	0.237	eyF				oral_apical				D	SP	final	4	SP	T AH0 D EY1	SP	403.6414	1930.4093	377.0895	1994.1612	429.3482	2024.8721	426.4565	2064.7286	419.0427	2030.7378	429.504627985,2026.16787949,2417.23482095,3642.18089973,3926.63107779	93.8412937002,224.63108706,326.980637582,314.92004449,283.206213594
55						./INPUTFILES/ARI_Frederick/	M		0			IH	1	sp	visit	sp	418.8	1516.5	2218.6	52.3	229.6	952.1	42.504	42.47	42.538	0.068	i	fricative	apical	voiced	oral_labial	one_fol_syll			V	Z	internal	2	SP	V IH1 Z AH0 T	SP	398.6222	1666.5064	409.1524	1530.6332	418.8282	1516.4623	386.3759	1429.5012	360.5607	1441.4663	418.82820104,1516.46234316,2218.59828695,3459.68993402,3835.62842247	52.3366615606,229.572094335,952.093834931,157.45552248,177.372801391
55						./INPUTFILES/ARI_Frederick/	M		0			IY	1	sp	each	sp	389.0	2238.9	2520.2	96.8	331.1	1320.6	43.494	43.458	43.53	0.072	iy	affricate	palatal	voiceless					SP	CH	initial	1	SP	IY1 CH	SP	395.1124	2160.1978	399.7064	1619.3785	389.0398	2238.9342	374.4734	2234.4906	368.1088	1965.7254	389.039814595,2238.93415328,2520.22750137,3433.94110351,4009.50085148	96.8072772765,331.090341539,1320.61376888,308.546320457,56.3162563553
55						./INPUTFILES/ARI_Frederick/	M		0			AH	1	sp	come	sp	617.8	1128.7	2070.2	40.8	64.8	212.3	45.154	45.103	45.206	0.103	uh	nasal	labial	voiced	velar				K	M	internal	2	SP	K AH1 M	SP	508.7814	962.5785	595.4531	1121.6634	617.7744	1128.6745	600.8481	1106.1239	611.7397	1028.3993	617.774437505,1128.67446232,2070.16516427,3267.44737986,4241.23779819	40.7545512059,64.7835040525,212.32735541,222.422450812,348.354861188
55						./INPUTFILES/ARI_Frederick/	M		0			OW	1	sp	both	sp	313.9	657.4	2699.4	918.5	88.6	564.1	45.41	45.359	45.461	0.102	ow	fricative	interdental	voiceless	oral_labial				B	TH	internal	2	SP	B OW1 TH	SP	418.5389	625.3225	406.3538	613.186	313.9486	657.3761	440.452	863.6633	421.0263	1001.5285	313.948607781,657.376097409,2699.42435852,3304.73105099,3789.40783507	918.472491748,88.561000553,564.086958327,545.276171932,149.88492806
55						./INPUTFILES/ARI_Frederick/	M		0			IY	1	sp	sea	sp	285.3	1904.4	2493.5	118.8	600.9	437.3	47.117	47.041	47.194	0.153	iyF				oral_apical				S	SP	final	2	SP	S IY1	SP	318.1478	1903.9842	268.8828	1607.5172	285.3234	1904.3856	349.1596	1996.6774	401.6295	1560.2787	285.323359242,1904.38559156,2493.500846,3570.66708375,4645.87816441	118.788703986,600.944624252,437.307989846,202.905673011,741.539680776
55						./INPUTFILES/ARI_Frederick/	M		0			AH	1	sp	some	sp	604.7	1242.7	1961.4	66.7	97.6	666.4	47.832	47.796	47.868	0.072	uh	nasal	labial	voiced	oral_apical				S	M	internal	2	SP	S AH1 M	SP	470.3958	1106.1438	540.4198	1260.0744	604.749	1242.6538	638.9474	1204.0197	526.1932	1105.7926	604.748982704,1242.65375638,1961.44768202,3421.79163008,4126.29891177	66.7200988017,97.5868219349,666.432866906,197.829588696,273.099354045
55						./INPUTFILES/ARI_Frederick/	M		0			EY	1	sp	staying	sp	398.3	1850.4	2495.9	78.7	124.1	275.8	48.19	48.124	48.256	0.132	ey				oral_apical	one_fol_syll			T	AH0	internal	3	SP	S T EY1 AH0 N	SP	415.6065	1655.0703	407.937	1804.8491	398.3051	1850.3699	427.4684	1956.1539	442.3453	2034.4088	398.305112276,1850.36993602,2495.89533129,3489.48344438,3822.99965739	78.7021942096,124.102088656,275.77215675,309.006253204,247.134319048
55						./INPUTFILES/ARI_Frederick/	M		0			AW	1	few	hours	sp	442.3	787.3	2207.1	224.1	101.7	654.8	49.129	49.013	49.244	0.231	aw					one_fol_syll			UW0	ER0	initial	1	F Y UW0	AW1 ER0 Z	SP	655.3786	919.7111	561.6186	906.7781	445.8856	788.2645	477.7369	848.8133	605.8578	1019.4355	442.274098336,787.296063574,2207.12143382,3198.43569533,3831.72371786	224.104706742,101.731448579,654.831723532,296.474704411,62.2246202323
55						./INPUTFILES/ARI_Frederick/	M		0			AY	1	from	island	sp	693.8	1500.0	2036.3	32.0	98.7	248.1	50.575	50.495	50.655	0.16	ay	lateral	apical	voiced		one_fol_syll			M	L	initial	1	F R AH0 M	AY1 L AH0 N D	SP	802.5619	1228.4155	842.289	1297.0678	751.3527	1413.171	589.4122	1623.7292	479.428	1761.6004	693.812371264,1499.99423867,2036.34047511,3143.12942662,3757.29159498	31.9591740595,98.6834305553,248.053199832,502.860547986,400.403033976
55						./INPUTFILES/ARI_Frederick/	M		0			AY	1	sp	island	sp	641.0	1389.4	1914.0	40.0	96.8	249.5	51.445	51.376	51.515	0.139	ay	lateral	apical	voiced		one_fol_syll			SP	L	initial	1	SP	AY1 L AH0 N D	SP	693.8239	1100.7353	729.7567	1182.8623	682.418	1282.3447	583.6537	1522.0243	487.6201	1570.8036	640.967487247,1389.39630988,1913.98517061,3376.98147724,3814.65352393	40.0019567151,96.7808718853,249.511012441,595.732799467,376.411494265
55						./INPUTFILES/ARI_Frederick/	M		0			AW	1	sp	found	sp	734.9	1022.8	2195.5	149.7	81.3	680.3	53.532	53.458	53.607	0.149	aw	nasal	apical	voiced	oral_labial	complex_coda			F	N	internal	2	SP	F AW1 N D	SP	557.2229	1006.1611	633.562	1070.7076	734.9074	1022.7838	775.953	890.054	732.7813	1035.2624	734.90737988,1022.7838462,2195.52440415,3105.85251023,4033.22867297	149.725779679,81.3490729825,680.281817164,118.313792052,190.027199182
55						./INPUTFILES/ARI_Frederick/	M		0			AY	1	sp	islands	sp	603.8	1569.6	2042.9	38.1	111.5	250.7	54.141	54.083	54.199	0.116	ay	lateral	apical	voiced		one_fol_syll			SP	L	initial	1	SP	AY1 L AH0 N D Z	SP	727.4844	1373.6101	724.9735	1381.2236	656.6705	1515.4348	563.1115	1613.9077	528.8737	1566.906	603.817731669,1569.61141151,2042.88583968,3536.42185288,3561.89986137	38.0570436647,111.475572941,250.704420594,844.48308861,377.859582392
55						./INPUTFILES/ARI_Frederick/	M		0			EY	1	sp	remain	sp	392.9	2031.5	2184.9	52.1	380.2	282.9	54.867	54.801	54.934	0.133	ey	nasal	apical	voiced	nasal_labial				M	N	internal	4	SP	R AH0 M EY1 N	SP	406.7363	1859.9766	397.1432	2040.5537	392.8645	2031.5334	420.252	1885.2505	451.8922	1808.3481	392.864485649,2031.53338481,2184.92922916,3425.33491953,3768.54100643	52.0805655713,380.248965301,282.919046419,293.115607079,154.992175676
55						./INPUTFILES/ARI_Frederick/	M		0			IY	1	sp	seas	sp	340.6	2040.1	2228.9	146.9	1602.6	805.9	57.479	57.352	57.606	0.254	iy	fricative	apical	voiced	oral_apical				S	Z	internal	2	SP	S IY1 Z	SP	329.8004	1975.1162	336.712	1634.0713	340.6063	2040.131	305.52	1717.2886	351.4731	2193.1719	340.606269653,2040.13102049,2228.89180956,3644.39113446	146.92384232,1602.62891117,805.865196354,206.834783732
55						./INPUTFILES/ARI_Frederick/	M		0			AE	1	sp	dazzling	sp	736.4	1253.6	2137.1	42.7	121.0	280.3	58.462	58.376	58.547	0.171	ae	fricative	apical	voiced	oral_apical	one_fol_syll			D	Z	internal	2	SP	D AE1 Z L IH0 NG	SP	602.3885	1487.2033	709.6772	1264.3379	736.9688	1254.2126	699.7429	1299.4141	584.6301	1347.2242	736.376121019,1253.55371495,2137.10097991,3473.32498094,3774.9454196	42.6905802544,120.972128505,280.313168206,4190.54087165,505.502161241
55						./INPUTFILES/ARI_Frederick/	M		0			AE	1	sp	sand	sp	839.4	1432.9	2245.4	263.5	113.5	295.0	61.557	61.483	61.631	0.148	ae	nasal	apical	voiced	oral_apical	complex_coda			S	N	internal	2	SP	S AE1 N D	SP	575.5365	1302.6737	773.349	1435.1964	839.3991	1432.878	761.0157	1435.493	695.394	1411.502	839.3991212,1432.87798309,2245.43218709,3460.59771601,3552.39347941	263.473715358,113.494509175,295.003288611,4077.64073335,214.618384629
55						./INPUTFILES/ARI_Frederick/	M		0			IY	1	sp	beaches	sp	296.1	2070.6	2771.1	147.9	258.4	899.7	61.907	61.875	61.939	0.064	iy	affricate	palatal	voiceless	oral_labial	one_fol_syll			B	CH	internal	2	SP	B IY1 CH AH0 Z	SP	256.2296	1504.7392	295.5284	2045.8	296.1414	2070.6285	310.4832	2057.8009	310.3135	2060.8211	296.141374501,2070.6285222,2771.12441691,3655.7458405	147.88690715,258.355409883,899.679049744,248.473037636
55						./INPUTFILES/ARI_Frederick/	M		0			ER	1	sp	birds	sp	418.7	1221.7	2282.1	43.3	234.4	630.5	63.576	63.464	63.689	0.225	*hr	stop	apical	voiced	oral_labial	complex_coda			B	D	internal	2	SP	B ER1 D Z	SP	409.2405	1204.9301	411.3934	1203.1279	418.7141	1221.683	422.4958	1296.174	415.8366	1382.9068	418.714107575,1221.68299124,2282.09151277,3577.56716739,3995.78605458	43.2571113369,234.392229221,630.47580003,184.992642632,96.4314690745
55						./INPUTFILES/ARI_Frederick/	M		0			AH	1	sp	sunny	sp	657.9	1388.4	2132.3	83.7	154.5	442.2	64.356	64.317	64.394	0.077	uh	nasal	apical	voiced	oral_apical	one_fol_syll			S	N	internal	2	SP	S AH1 N IY0	SP	481.697	1156.428	577.6696	1264.8237	657.9027	1388.4263	658.6985	1476.3857	548.4106	1515.8443	657.902748361,1388.4262528,2132.26285549,3487.82412378,3916.5218936	83.6845938943,154.543503384,442.23385861,143.940038076,226.938323866
55						./INPUTFILES/ARI_Frederick/	M		0			AH	1	sp	stunning	sp	557.1	1267.3	2091.7	40.3	115.2	632.0	65.804	65.764	65.845	0.081	uh	nasal	apical	voiced	oral_apical	one_fol_syll			T	N	internal	3	SP	S T AH1 N IH0 NG	SP	449.2823	1196.2895	553.2049	1239.6998	557.1485	1267.256	600.2077	1342.9993	526.4086	1359.1284	557.148545165,1267.25599608,2091.68743537,3507.19745138,3961.72204394	40.2660322606,115.162965258,631.989257196,182.383588347,416.676443517
55						./INPUTFILES/ARI_Frederick/	M		0			AH	1	sp	sunsets	sp	598.5	1275.5	2066.7	65.0	91.4	534.0	66.282	66.246	66.319	0.073	uh	nasal	apical	voiced	oral_apical	complex_one_syl			S	N	internal	2	SP	S AH1 N S EH2 T S	SP	467.6214	1197.5651	551.0863	1267.5349	598.4749	1275.5061	634.3018	1313.6115	549.553	1263.7223	598.474894886,1275.50605713,2066.6920078,3525.66927316,4174.90820362	65.0221821964,91.3844245955,534.035356569,112.164697048,1278.92174311
55						./INPUTFILES/ARI_Frederick/	M		0			AY	1	sp	lively	sp	628.2	1557.3	1697.4	26.0	1786.4	142.0	67.606	67.509	67.703	0.194	ay	fricative	labiodental	voiced	liquid	one_fol_syll			L	V	internal	2	SP	L AY1 V L IY0	SP	611.6157	1333.6203	729.9629	1427.7379	640.348	1548.2566	528.667	1712.9532	501.7675	1679.69	628.155405182,1557.34886016,1697.40981256,3274.07527445,3847.62210282	26.0293572497,1786.41782112,141.970766871,580.860256949,274.966315005
55						./INPUTFILES/ARI_Frederick/	M		0			AE	1	sp	dance	sp	706.9	1349.6	2096.9	142.5	89.0	528.5	68.911	68.836	68.987	0.151	ae	nasal	apical	voiced	oral_apical	complex_coda			D	N	internal	2	SP	D AE1 N S	SP	689.4882	1465.17	712.0033	1347.4707	706.8828	1349.6002	716.3403	1362.1785	653.1918	1347.3894	706.88281803,1349.6002305,2096.88359338,3437.38852992,3583.11892828	142.542512119,89.0458762731,528.52010983,1886.09956339,256.909821421
55						./INPUTFILES/ARI_Frederick/	M		0			AO	1	sp	course	sp	505.8	833.2	2673.2	160.2	143.7	605.4	69.881	69.806	69.957	0.151	oh	fricative	apical	voiceless	velar				K	S	internal	2	SP	K AO1 S	SP	468.0123	777.0782	497.6074	763.1022	505.8285	833.2076	548.0656	983.567	566.2107	1158.9541	505.828479877,833.207640572,2673.21812404,3318.30721482,3984.39145153	160.174873793,143.746704764,605.40575038,453.270984406,124.744638726
55						./INPUTFILES/ARI_Frederick/	M		0			IY	1	welcoming	people	sp	323.7	1561.0	1999.5	105.6	1309.4	108.7	72.361	72.346	72.376	0.03	iy	stop	labial	voiceless	oral_labial	one_fol_syll			P	P	internal	2	W EH0 L K AH0 M IH0 NG	P IY1 P AH0 L	SP	300.2114	1966.982	297.4985	1985.1371	323.6849	1561.0266	342.0406	1527.286	337.4521	1525.4023	323.684944909,1561.02656678,1999.52579932,3102.67923275,3835.45772716	105.611574107,1309.35213099,108.749465162,181.220917736,272.656663698
55						./INPUTFILES/ARI_Frederick/	M		0			IH	1	sp	visitors	sp	390.3	1454.5	2446.6	40.1	332.1	1502.2	74.493	74.471	74.514	0.043	i	fricative	apical	voiced	oral_labial	two_fol_syl			V	Z	internal	2	SP	V IH1 Z AH0 T ER0 Z	SP	405.5577	1460.5411	401.7245	1457.6986	390.3333	1454.4717	364.407	1452.1781	354.3191	1496.2859	390.33327585,1454.47165474,2446.59326052,3673.31585247,4044.31666426	40.0735163805,332.109238553,1502.1841305,176.4542799,1056.09891724
55						./INPUTFILES/ARI_Frederick/	M		0			EY	1	sp	favoured	islands	370.9	1927.8	2422.7	85.8	113.5	403.7	75.173	75.123	75.223	0.1	ey	fricative	labiodental	voiced	oral_labial	one_fol_syll			F	V	internal	2	SP	F EY1 V AH0 D	AY1 L AH0 N D Z	359.8042	1811.9862	382.9384	1866.2655	370.8573	1927.8354	368.7547	1823.6395	406.7346	1492.443	370.857260698,1927.83542394,2422.68785025,3511.38665274,4022.65886261	85.7892323656,113.456521576,403.674399578,136.637248502,83.1940131803
55						./INPUTFILES/ARI_Frederick/	M		0			AY	1	favoured	islands	sp	577.5	1547.6	1969.2	28.0	152.9	258.7	75.538	75.473	75.604	0.131	ay	lateral	apical	voiced		one_fol_syll			D	L	initial	1	F EY1 V AH0 D	AY1 L AH0 N D Z	SP	747.7374	1274.7993	719.1689	1330.3803	616.9504	1494.063	521.8506	1546.6448	519.1972	1496.0569	577.502760638,1547.64228832,1969.20449019,3434.96794863,3822.59323291	28.0065855574,152.878093369,258.699753119,194.248540159,144.349577474
55						./INPUTFILES/ARI_Frederick/	M		0			AO	1	sp	according	sp	444.4	889.1	2588.6	50.7	53.7	1213.8	76.05	76.014	76.087	0.073	oh	stop	apical	voiced	velar	one_fol_syll			K	D	internal	3	SP	AH0 K AO1 D AH0 N	SP	460.4819	736.9949	451.5622	779.6082	444.4369	889.0605	432.5464	1056.6649	394.8939	1149.6853	444.436915896,889.060521763,2588.59227244,3255.87129009,3946.54931279	50.7210501926,53.7442933687,1213.75821696,240.424160874,75.5802974083
55						./INPUTFILES/ARI_Frederick/	M		0			IH	1	the	english	sp	384.3	2035.8	2538.8	38.7	97.3	290.5	78.178	78.15	78.207	0.057	i	nasal	velar	voiced		complex_one_syl			IY0	NG	initial	1	DH IY0	IH1 NG G L IH2 SH	SP	363.8516	2000.4185	379.6651	2010.2386	384.3338	2035.7702	386.6861	2136.1278	410.2851	1856.9317	384.333772853,2035.77018004,2538.80532549,3402.20302548,3768.13297297	38.711804482,97.2566717153,290.507488237,159.466742488,125.305265638
55						./INPUTFILES/ARI_Frederick/	M		0			IH	1	sp	visiting	sp	413.3	1453.7	2258.5	52.2	643.5	301.3	78.625	78.605	78.645	0.04	i	fricative	apical	voiced	oral_labial	two_fol_syl			V	Z	internal	2	SP	V IH1 Z AH0 T IH0 NG	SP	411.9027	1184.7899	425.3598	1344.1175	413.3448	1453.7293	400.2379	1441.2852	402.4562	1471.5521	413.34479299,1453.72930709,2258.48977179,3614.46085154,4637.04622165	52.2049867451,643.514854364,301.340791183,105.45180783,1110.53273348
55						./INPUTFILES/ARI_Frederick/	M		0			EY	1	sp	barbados	sp	412.1	1791.0	2916.8	75.7	132.3	1227.2	79.749	79.713	79.785	0.072	ey	stop	apical	voiced	oral_labial	one_fol_syll			B	D	internal	5	SP	B AA0 R B EY1 D OW0 S	SP	349.877	1513.0068	413.1213	1744.0055	412.0703	1791.0198	403.5483	1726.0739	401.5351	1670.7122	412.070317425,1791.0198371,2916.83069341,3579.85077352	75.6778277273,132.292220378,1227.24881257,174.056012402
55						./INPUTFILES/ARI_Frederick/	M		0			EY	1	sp	jamaica	sp	440.2	1860.7	2426.9	60.9	129.0	296.7	80.649	80.608	80.69	0.082	ey	stop	velar	voiceless	nasal_labial	one_fol_syll			M	K	internal	4	SP	JH AH0 M EY1 K AH0	SP	427.156	1581.5112	445.001	1812.3835	440.245	1860.7256	415.2984	1935.7789	391.3998	1929.0409	440.24499659,1860.7256248,2426.9441324,3382.73313438,3828.96387571	60.8880865172,128.957929764,296.652725359,234.538215594,224.060743585
55						./INPUTFILES/ARI_Frederick/	M		0			EH	1	french	heading	sp	528.8	1569.3	2179.0	48.4	108.2	338.0	82.314	82.288	82.341	0.053	e	stop	apical	voiced		one_fol_syll			HH	D	internal	2	F R EH0 N CH	HH EH1 D AH0 N	SP	511.96	1648.2488	544.1868	1529.2532	528.7753	1569.2595	490.8317	1594.0014	451.5431	1576.836	528.775279393,1569.25946021,2179.03012085,3559.21520678,4020.51467151	48.3863594228,108.181468163,337.955014513,225.461612109,217.492373811
55						./INPUTFILES/ARI_Frederick/	M		0			EY	1	sp	today's	sp	388.7	1615.3	1955.8	55.8	727.3	147.8	83.891	83.81	83.971	0.161	ey	fricative	apical	voiced	oral_apical				D	Z	internal	4	SP	T AH0 D EY1 Z	SP	368.5923	1777.5038	374.991	1540.4664	388.6711	1615.3194	418.9922	1764.1526	396.9156	1654.6699	388.671143149,1615.31943481,1955.75558512,3705.40413462,4099.63496241	55.8458722348,727.277151829,147.758321497,282.846063353,301.120544918
55						./INPUTFILES/ARI_Frederick/	M		0			AW	1	sp	without	a	578.0	1264.8	2347.9	63.4	306.2	310.6	85.516	85.467	85.564	0.097	aw	stop	apical	voiceless	oral_apical				DH	T	internal	4	SP	W IH0 DH AW1 T	AH0	467.5149	1209.8606	564.3354	1250.5999	577.5075	1265.3715	573.051	1213.4154	537.1456	1158.0422	577.960250713,1264.76913045,2347.90532861,3502.63671374,4251.88210131	63.420525176,306.217620148,310.607696875,146.655068933,164.387547298
55						./INPUTFILES/ARI_Frederick/	M		0			AW	1	a	doubt	sp	577.8	1081.3	2341.3	56.4	113.4	474.7	85.822	85.741	85.903	0.162	aw	stop	apical	voiceless	oral_apical				D	T	internal	2	AH0	D AW1 T	SP	491.581	1274.0583	590.1384	1229.3375	577.8364	1081.2809	552.4431	941.8009	486.5224	1084.5074	577.836360996,1081.28093131,2341.26291074,3248.1905298,4017.42937235	56.4201643985,113.380492465,474.738092062,126.542100802,64.9242721573
55						./INPUTFILES/ARI_Frederick/	M		0			AO	1	sp	more	likely	542.5	890.5	2381.1	77.4	56.7	594.0	86.297	86.212	86.381	0.169	oh				nasal_labial				M	L	final	2	SP	M AO1	L AY1 K L IY0	496.2774	759.6506	528.9846	781.2056	542.4547	890.4813	580.1135	1076.628	449.2697	1154.2298	542.454739266,890.481256288,2381.1031614,3203.34167111,4098.77995722	77.413922377,56.6929284397,594.039582507,354.427619795,304.061772084
55						./INPUTFILES/ARI_Frederick/	M		0			AY	1	more	likely	sp	584.3	1552.0	2190.3	42.0	71.8	314.8	86.479	86.439	86.519	0.08	ay0	stop	velar	voiceless	liquid	one_fol_syll			L	K	internal	2	M AO1	L AY1 K L IY0	SP	440.3219	1144.8271	579.2081	1327.0018	604.7205	1478.7832	558.1615	1618.0142	498.1877	1706.6884	584.298709311,1552.01433687,2190.27823401,3460.25365641,3830.99193993	42.0078903555,71.789418281,314.757194262,235.36518822,201.807869273
55						./INPUTFILES/ARI_Frederick/	M		0			IH	1	sp	pick	sp	447.7	1762.1	1931.7	86.6	125.7	2348.3	86.898	86.88	86.915	0.035	i	stop	velar	voiceless	oral_labial				P	K	internal	2	SP	P IH1 K	SP	377.6826	1757.5923	390.6664	1803.6878	447.7418	1762.0974	433.8221	1669.6244	443.4447	1602.0206	447.741773821,1762.09738499,1931.69722193,3437.93462005,4007.79344793	86.6040576736,125.73207798,2348.33414155,279.781182075,114.768410086
55						./INPUTFILES/ARI_Frederick/	M		0			AY	1	an	island	sp	653.7	1485.5	2004.0	43.8	116.0	296.9	87.182	87.107	87.257	0.15	ay	lateral	apical	voiced		one_fol_syll			N	L	initial	1	AE0 N	AY1 L AH0 N D	SP	750.9461	1304.6511	758.6869	1279.6363	693.1008	1412.7592	591.6507	1551.9809	576.2987	1522.9218	653.730310931,1485.46882962,2003.96446003,3575.33400912,3818.50863764	43.8329379764,115.969605634,296.875070898,745.06782517,496.16376415
55						./INPUTFILES/ARI_Frederick/	M		0			AO	1	it	offers	sp	599.6	616.7	2994.0	115.3	557.4	767.8	88.07	88.013	88.127	0.114	oh	fricative	labiodental	voiceless		one_fol_syll			T	F	initial	1	AH0 T	AO1 F ER0 Z	SP	594.4179	2211.4111	498.3021	607.7925	599.6407	616.6899	512.702	757.7789	485.2346	770.572	599.640664073,616.6898552,2994.02189232,3205.48392662,3687.79243303	115.29512036,557.399752821,767.789513533,524.037630781,227.123416261
55						./INPUTFILES/ARI_Frederick/	M		0			EY	1	sp	associations	sp	332.1	1908.5	2237.3	81.6	166.6	318.5	90.933	90.868	90.999	0.131	ey	fricative	palatal	voiceless		one_fol_syll			IY0	SH	internal	6	SP	AH0 S OW2 S IY0 EY1 SH AH0 N Z	SP	340.7125	1882.1863	328.6747	1942.1576	332.0683	1908.4791	369.0681	1824.8085	356.169	1758.5736	332.068252784,1908.47909676,2237.30371332,3540.95546767,4353.03542508	81.6082627178,166.630867328,318.515975796,177.35443699,1204.6908435
55						./INPUTFILES/ARI_Frederick/	M		0			AW	1	sp	thousands	sp	599.6	972.7	2389.4	60.9	111.7	310.0	92.344	92.231	92.457	0.226	aw	fricative	apical	voiced	oral_apical	one_fol_syll			TH	Z	internal	2	SP	TH AW1 Z AH0 N Z	SP	621.381	1201.9122	648.9137	1064.6965	599.5508	972.7429	492.6998	888.341	508.9937	971.7068	599.550827965,972.742936223,2389.36397744,3198.43525586,4193.04878408	60.8544511227,111.734431862,310.043755437,291.148092102,224.88034927
55						./INPUTFILES/ARI_Frederick/	M		0			IH	1	sp	visit	sp	404.9	1443.5	2200.8	42.8	143.5	354.3	92.984	92.956	93.012	0.056	i	fricative	apical	voiced	oral_labial	one_fol_syll			V	Z	internal	2	SP	V IH1 Z AH0 T	SP	432.8108	1542.0928	415.9218	1463.1742	404.8552	1443.5085	381.2223	1441.8633	363.1638	1450.0539	404.855170883,1443.508464,2200.82213763,3675.27497211,4024.12035611	42.7516260979,143.535781768,354.25720544,191.45988237,274.710736421
55						./INPUTFILES/ARI_Frederick/	M		0			EY	1	sp	barbados	sp	436.8	1601.6	2062.8	59.8	108.7	240.5	93.468	93.435	93.501	0.066	ey	stop	apical	voiced	oral_labial	one_fol_syll			B	D	internal	5	SP	B AA0 R B EY1 D OW0 S	SP	366.6682	1388.172	399.7444	1511.8604	436.7785	1601.5744	426.041	1630.4821	417.4336	1532.0548	436.778521099,1601.57439086,2062.81322122,3466.53437995,3981.57823218	59.7688801686,108.663144379,240.514354042,252.883885429,121.046683808
55						./INPUTFILES/ARI_Frederick/	M		0			IY	1	its	beaches	sp	282.2	2053.4	2343.4	34.4	100.6	866.4	94.095	94.065	94.125	0.06	iy	affricate	palatal	voiceless	oral_labial	one_fol_syll			B	CH	internal	2	AH0 T S	B IY1 CH AH0 Z	SP	303.1724	1746.4688	279.7176	1981.3101	282.1804	2053.3792	284.2422	2026.9087	291.4912	2049.0915	282.180362586,2053.37923112,2343.42004979,3482.45018993,3842.36703196	34.3571642707,100.610265285,866.416494631,107.03476023,118.26284423
55						./INPUTFILES/ARI_Frederick/	M		0			AW	1	sp	mountains	sp	683.4	924.0	2928.4	173.5	145.3	2298.5	96.625	96.568	96.682	0.114	aw	nasal	apical	voiced	nasal_labial	complex_one_syl			M	N	internal	2	SP	M AW1 N T AH0 N Z	SP	627.5344	1024.9373	662.4457	1006.8017	683.407	924.0334	628.6498	1045.893	523.2113	1062.1091	683.407040525,924.033374749,2928.38953793,2963.78581462,4412.86703493	173.494499136,145.273066363,2298.54076332,281.241380119,654.059936713
55						./INPUTFILES/ARI_Frederick/	M		0			AA	1	sp	large	sp	649.0	1150.8	2534.3	71.7	83.9	1274.0	98.55	98.438	98.663	0.225	o	affricate	palatal	voiced	liquid				L	JH	internal	2	SP	L AA1 JH	SP	589.804	1172.1008	637.2458	1137.0411	649.03	1150.7906	635.8938	1182.5819	576.4594	1317.8787	649.030035182,1150.79059196,2534.278699,3429.21900463,3950.23880209	71.7129529981,83.8992901815,1274.04910497,206.902542137,522.251189074
55						./INPUTFILES/ARI_Frederick/	M		0			AH	1	sp	number	sp	637.2	1241.7	2502.2	133.6	76.3	1949.7	98.898	98.865	98.93	0.065	uh	nasal	labial	voiced	nasal_apical	complex_one_syl			N	M	internal	2	SP	N AH1 M B ER0	SP	422.5124	1327.7685	603.9416	1332.9648	637.1592	1241.6847	658.0508	1157.495	614.8273	1060.5332	637.159245399,1241.68466944,2502.20534867,3236.67958484,4186.5017795	133.623987542,76.3288719435,1949.69112697,400.747551345,464.944324162
55						./INPUTFILES/ARI_Frederick/	M		0			IH	1	sp	visitors	sp	407.6	1430.7	2210.7	64.1	218.8	1439.3	99.31	99.291	99.329	0.038	i	fricative	apical	voiced	oral_labial	two_fol_syl			V	Z	internal	2	SP	V IH1 Z AH0 T ER0 Z	SP	414.4954	1324.5802	428.161	1383.4592	407.6263	1430.6562	387.1526	1420.8889	375.4947	1426.9739	407.626315783,1430.65620225,2210.69481746,3476.36905546,4200.55738925	64.1133728589,218.837339916,1439.28249345,250.940748487,854.924911635
55						./INPUTFILES/ARI_Frederick/	M		0			UW	1	the	blue	hole	332.5	755.0	2781.8	284.7	111.7	2014.7	101.175	101.09	101.26	0.17	Tuw				obstruent_liquid				L	HH	final	3	DH AH0	B L UW1	HH OW0 L	299.0759	1020.4113	321.5814	873.153	332.4869	754.9619	361.3422	719.3361	465.6988	693.762	332.486896466,754.961920287,2781.75988935,3328.57359833,3621.93449455	284.713211817,111.656612943,2014.65023423,272.123296494,1178.67694407
